epoch,status,http_code,latency_ms
1783075683.589,PASS,200,20
1783075683.718,PASS,200,21
1783075683.847,PASS,200,20
1783075683.976,PASS,200,30
1783075684.116,PASS,200,19
1783075684.244,PASS,200,23
1783075684.376,PASS,200,19
1783075684.505,PASS,200,19
1783075684.634,PASS,200,19
1783075684.763,PASS,200,22
1783075684.894,PASS,200,19
1783075685.022,PASS,200,19
1783075685.150,PASS,200,19
1783075685.279,PASS,200,20
1783075685.409,PASS,200,19
1783075685.539,PASS,200,20
1783075685.669,PASS,200,19
1783075685.797,PASS,200,21
1783075685.927,PASS,200,19
1783075686.056,PASS,200,20
1783075686.187,PASS,200,19
1783075686.314,PASS,200,21
1783075686.444,PASS,200,19
1783075686.572,PASS,200,20
1783075686.702,PASS,200,19
1783075686.830,PASS,200,19
1783075686.959,PASS,200,19
1783075687.088,PASS,200,19
1783075687.217,PASS,200,19
1783075687.344,PASS,200,21
1783075687.474,PASS,200,19
1783075687.602,PASS,200,20
1783075687.731,PASS,200,19
1783075687.860,PASS,200,20
1783075687.987,PASS,200,29
1783075688.126,PASS,200,19
1783075688.254,PASS,200,21
1783075688.384,PASS,200,21
1783075688.515,PASS,200,20
1783075688.645,PASS,200,19
1783075688.773,PASS,200,19
1783075688.901,PASS,200,19
1783075689.029,PASS,200,19
1783075689.158,PASS,200,19
1783075689.287,PASS,200,19
1783075689.416,PASS,200,20
1783075689.544,PASS,200,19
1783075689.673,PASS,200,19
1783075689.801,PASS,200,17
1783075689.928,PASS,200,19
1783075690.056,PASS,200,19
1783075690.184,PASS,200,19
1783075690.313,PASS,200,21
1783075690.443,PASS,200,17
1783075690.570,PASS,200,21
1783075690.699,PASS,200,20
1783075690.827,PASS,200,19
1783075690.955,PASS,200,19
1783075691.084,PASS,200,18
1783075691.212,PASS,200,19
1783075691.340,PASS,200,19
1783075691.468,PASS,200,19
1783075691.595,PASS,200,19
1783075691.724,PASS,200,20
1783075691.853,PASS,200,19
1783075691.982,PASS,200,29
1783075692.121,PASS,200,19
1783075692.250,PASS,200,20
1783075692.380,PASS,200,19
1783075692.509,PASS,200,19
1783075692.637,PASS,200,19
1783075692.765,PASS,200,18
1783075692.893,PASS,200,20
1783075693.021,PASS,200,19
1783075693.149,PASS,200,19
1783075693.277,PASS,200,19
1783075693.405,PASS,200,19
1783075693.534,PASS,200,19
1783075693.662,PASS,200,19
1783075693.791,PASS,200,20
1783075693.918,PASS,200,19
1783075694.048,PASS,200,20
1783075694.178,PASS,200,19
1783075694.307,PASS,200,21
1783075694.437,PASS,200,20
1783075694.567,PASS,200,21
1783075694.697,PASS,200,20
1783075694.826,PASS,200,20
1783075694.955,PASS,200,19
1783075695.084,PASS,200,18
1783075695.212,PASS,200,21
1783075695.341,PASS,200,19
1783075695.470,PASS,200,20
1783075695.599,PASS,200,20
1783075695.730,PASS,200,19
1783075695.858,PASS,200,20
1783075695.987,PASS,200,28
1783075696.124,PASS,200,23
1783075696.256,PASS,200,20
1783075696.386,PASS,200,19
1783075696.514,FAIL,000,4016
1783075700.638,PASS,200,20
1783075700.768,FAIL,000,4015
1783075704.892,PASS,200,19
1783075705.019,FAIL,000,4016
1783075709.143,PASS,200,20
1783075709.272,FAIL,000,4017
1783075713.399,PASS,200,19
1783075713.528,FAIL,000,4015
1783075717.654,PASS,200,19
1783075717.782,PASS,200,19
1783075717.910,PASS,200,17
1783075718.037,PASS,200,19
1783075718.165,PASS,200,21
1783075718.295,PASS,200,20
1783075718.425,PASS,200,19
1783075718.553,PASS,200,19
1783075718.682,PASS,200,19
1783075718.811,PASS,200,16
1783075718.938,PASS,200,21
1783075719.068,PASS,200,18
1783075719.195,PASS,200,21
1783075719.325,PASS,200,19
1783075719.454,PASS,200,19
1783075719.583,PASS,200,19
1783075719.710,PASS,200,19
1783075719.838,PASS,200,19
1783075719.967,PASS,200,19
1783075720.102,PASS,200,19
1783075720.230,PASS,200,19
1783075720.358,PASS,200,19
1783075720.488,PASS,200,19
1783075720.616,PASS,200,19
1783075720.744,PASS,200,21
1783075720.873,PASS,200,19
1783075721.002,PASS,200,19
1783075721.131,PASS,200,17
1783075721.258,PASS,200,21
1783075721.388,PASS,200,19
1783075721.516,PASS,200,19
1783075721.644,PASS,200,19
1783075721.771,PASS,200,19
1783075721.900,PASS,200,20
1783075722.029,PASS,200,19
1783075722.157,PASS,200,19
1783075722.286,PASS,200,17
1783075722.412,PASS,200,19
1783075722.541,PASS,200,20
1783075722.670,PASS,200,18
1783075722.798,PASS,200,19
1783075722.927,PASS,200,19
1783075723.055,PASS,200,20
1783075723.185,PASS,200,19
1783075723.314,PASS,200,20
1783075723.443,PASS,200,18
1783075723.571,PASS,200,19
1783075723.699,PASS,200,19
1783075723.826,PASS,200,19
1783075723.954,PASS,200,19
1783075724.083,PASS,200,19
1783075724.212,PASS,200,20
1783075724.340,PASS,200,19
1783075724.468,PASS,200,19
1783075724.597,PASS,200,19
1783075724.724,PASS,200,19
1783075724.852,PASS,200,19
1783075724.980,PASS,200,27
1783075725.117,PASS,200,19
1783075725.245,PASS,200,19
1783075725.373,PASS,200,19
1783075725.501,PASS,200,19
1783075725.629,PASS,200,19
1783075725.757,PASS,200,19
1783075725.884,PASS,200,19
1783075726.013,PASS,200,19
1783075726.141,PASS,200,20
1783075726.270,PASS,200,23
1783075726.402,PASS,200,19
1783075726.531,PASS,200,20
1783075726.659,PASS,200,21
1783075726.788,PASS,200,19
1783075726.917,PASS,200,19
1783075727.046,PASS,200,19
1783075727.175,PASS,200,19
1783075727.302,PASS,200,19
1783075727.430,PASS,200,20
1783075727.560,PASS,200,19
1783075727.689,PASS,200,20
1783075727.818,PASS,200,18
1783075727.947,PASS,200,19
1783075728.074,PASS,200,21
1783075728.204,PASS,200,19
1783075728.332,PASS,200,20
1783075728.461,PASS,200,19
1783075728.588,PASS,200,19
1783075728.717,PASS,200,19
1783075728.845,PASS,200,19
1783075728.974,PASS,200,29
1783075729.112,PASS,200,25
1783075729.246,PASS,200,23
1783075729.379,PASS,200,24
1783075729.514,PASS,200,22
1783075729.645,PASS,200,19
1783075729.774,PASS,200,18
1783075729.901,PASS,200,19
1783075730.030,PASS,200,23
1783075730.163,PASS,200,18
1783075730.291,PASS,200,21
1783075730.421,PASS,200,19
1783075730.550,PASS,200,19
1783075730.679,PASS,200,21
1783075730.809,PASS,200,19
1783075730.937,PASS,200,19
1783075731.065,PASS,200,19
1783075731.193,PASS,200,18
1783075731.321,PASS,200,18
1783075731.448,PASS,200,21
1783075731.578,PASS,200,18
1783075731.705,PASS,200,19
1783075731.832,PASS,200,19
1783075731.959,PASS,200,18
1783075732.086,PASS,200,19
1783075732.214,PASS,200,19
1783075732.342,PASS,200,19
1783075732.471,PASS,200,21
1783075732.600,PASS,200,21
1783075732.730,PASS,200,19
1783075732.858,PASS,200,19
1783075732.987,PASS,200,29
1783075733.126,PASS,200,19
1783075733.255,PASS,200,20
1783075733.387,PASS,200,20
1783075733.516,PASS,200,19
1783075733.645,PASS,200,19
1783075733.773,PASS,200,19
1783075733.901,PASS,200,19
1783075734.028,PASS,200,19
1783075734.156,PASS,200,20
1783075734.284,PASS,200,22
1783075734.414,PASS,200,19
1783075734.542,PASS,200,19
1783075734.670,PASS,200,19
1783075734.798,PASS,200,19
1783075734.926,PASS,200,20
1783075735.056,PASS,200,19
1783075735.186,PASS,200,18
1783075735.314,PASS,200,20
1783075735.442,PASS,200,19
1783075735.570,PASS,200,19
1783075735.697,PASS,200,19
1783075735.825,PASS,200,19
1783075735.953,PASS,200,19
1783075736.081,PASS,200,20
1783075736.211,PASS,200,19
1783075736.340,PASS,200,19
1783075736.468,PASS,200,19
1783075736.597,PASS,200,19
1783075736.724,PASS,200,18
1783075736.851,PASS,200,18
1783075736.979,PASS,200,27
1783075737.117,PASS,200,18
1783075737.243,PASS,200,19
1783075737.372,PASS,200,19
1783075737.501,PASS,200,19
1783075737.630,PASS,200,18
1783075737.757,PASS,200,19
1783075737.886,PASS,200,19
1783075738.013,PASS,200,19
1783075738.141,PASS,200,19
1783075738.270,PASS,200,20
1783075738.400,PASS,200,20
1783075738.529,PASS,200,19
1783075738.657,PASS,200,20
1783075738.787,PASS,200,21
1783075738.918,PASS,200,20
1783075739.048,PASS,200,20
1783075739.179,PASS,200,19
1783075739.307,PASS,200,19
1783075739.437,PASS,200,19
1783075739.565,PASS,200,19
1783075739.693,PASS,200,21
1783075739.823,PASS,200,19
1783075739.951,PASS,200,19
1783075740.079,PASS,200,19
1783075740.207,PASS,200,20
1783075740.337,PASS,200,20
1783075740.465,PASS,200,19
1783075740.592,PASS,200,19
1783075740.720,PASS,200,19
1783075740.848,PASS,200,19
1783075740.976,PASS,200,30
1783075741.115,PASS,200,19
1783075741.244,PASS,200,19
1783075741.373,PASS,200,21
1783075741.504,PASS,200,23
1783075741.636,PASS,200,19
1783075741.765,PASS,200,18
1783075741.893,PASS,200,20
1783075742.021,PASS,200,19
1783075742.150,PASS,200,19
1783075742.279,PASS,200,19
1783075742.407,PASS,200,20
1783075742.537,PASS,200,19
1783075742.665,PASS,200,19
1783075742.793,PASS,200,19
1783075742.922,PASS,200,19
1783075743.050,PASS,200,19
1783075743.178,PASS,200,19
1783075743.307,PASS,200,22
1783075743.438,PASS,200,23
1783075743.571,PASS,200,20
1783075743.701,PASS,200,20
1783075743.831,PASS,200,19
1783075743.960,PASS,200,19
1783075744.090,PASS,200,19
1783075744.219,PASS,200,23
1783075744.350,PASS,200,19
1783075744.479,PASS,200,19
1783075744.607,PASS,200,18
1783075744.734,PASS,200,19
1783075744.862,PASS,200,19
1783075744.991,PASS,200,26
1783075745.127,PASS,200,20
1783075745.256,PASS,200,19
1783075745.385,PASS,200,20
1783075745.514,PASS,200,19
1783075745.643,PASS,200,20
1783075745.771,PASS,200,19
1783075745.900,PASS,200,19
1783075746.027,PASS,200,19
1783075746.155,PASS,200,19
1783075746.283,PASS,200,20
1783075746.413,PASS,200,17
1783075746.540,PASS,200,19
1783075746.668,PASS,200,19
1783075746.795,PASS,200,19
1783075746.924,PASS,200,20
1783075747.053,PASS,200,20
1783075747.182,PASS,200,19
1783075747.310,PASS,200,19
1783075747.439,PASS,200,20
1783075747.567,PASS,200,19
1783075747.696,PASS,200,17
1783075747.824,PASS,200,19
1783075747.952,PASS,200,21
1783075748.081,PASS,200,18
1783075748.209,PASS,200,18
1783075748.336,PASS,200,21
1783075748.466,PASS,200,19
1783075748.595,PASS,200,20
1783075748.725,PASS,200,19
1783075748.853,PASS,200,19
1783075748.981,PASS,200,31
1783075749.120,PASS,200,19
1783075749.248,PASS,200,19
1783075749.377,PASS,200,19
1783075749.506,PASS,200,19
1783075749.635,PASS,200,19
1783075749.763,PASS,200,19
1783075749.892,PASS,200,18
1783075750.018,PASS,200,20
1783075750.146,PASS,200,19
1783075750.274,PASS,200,22
1783075750.406,PASS,200,19
1783075750.535,PASS,200,18
1783075750.663,PASS,200,18
1783075750.791,PASS,200,20
1783075750.919,PASS,200,19
1783075751.048,PASS,200,18
1783075751.175,PASS,200,19
1783075751.303,PASS,200,20
1783075751.433,PASS,200,20
1783075751.562,PASS,200,19
1783075751.690,PASS,200,19
1783075751.818,PASS,200,20
1783075751.948,PASS,200,19
1783075752.076,PASS,200,19
1783075752.205,PASS,200,19
1783075752.335,PASS,200,19
1783075752.463,PASS,200,19
1783075752.591,PASS,200,18
1783075752.719,PASS,200,19
1783075752.847,PASS,200,20
1783075752.975,PASS,200,31
1783075753.119,PASS,200,19
1783075753.247,PASS,200,20
1783075753.377,PASS,200,19
1783075753.506,PASS,200,19
1783075753.633,PASS,200,20
1783075753.762,PASS,200,23
1783075753.894,PASS,200,19
1783075754.022,PASS,200,20
1783075754.152,PASS,200,22
1783075754.282,PASS,200,19
1783075754.412,PASS,200,19
1783075754.540,PASS,200,19
1783075754.668,PASS,200,19
1783075754.795,PASS,200,19
1783075754.923,PASS,200,20
1783075755.053,PASS,200,20
1783075755.183,PASS,200,18
1783075755.310,PASS,200,19
1783075755.438,PASS,200,19
1783075755.565,PASS,200,19
1783075755.693,PASS,200,19
1783075755.822,PASS,200,17
1783075755.949,PASS,200,20
1783075756.078,PASS,200,19
1783075756.207,PASS,200,19
1783075756.335,PASS,200,20
1783075756.464,PASS,200,19
1783075756.593,PASS,200,19
1783075756.722,PASS,200,18
1783075756.849,PASS,200,19
1783075756.978,PASS,200,29
1783075757.117,PASS,200,18
1783075757.244,PASS,200,19
1783075757.374,PASS,200,20
1783075757.504,PASS,200,19
1783075757.633,PASS,200,18
1783075757.759,PASS,200,19
1783075757.887,PASS,200,17
1783075758.014,PASS,200,21
1783075758.143,PASS,200,19
1783075758.270,PASS,200,19
1783075758.399,PASS,200,19
1783075758.528,PASS,200,18
1783075758.655,PASS,200,19
1783075758.783,PASS,200,19
1783075758.911,PASS,200,19
1783075759.040,PASS,200,18
1783075759.167,PASS,200,19
1783075759.294,PASS,200,25
1783075759.429,PASS,200,21
1783075759.559,PASS,200,20
1783075759.689,PASS,200,20
1783075759.817,PASS,200,19
1783075759.945,PASS,200,19
1783075760.073,PASS,200,19
1783075760.201,PASS,200,19
1783075760.330,PASS,200,19
1783075760.458,PASS,200,19
1783075760.586,PASS,200,21
1783075760.716,PASS,200,18
1783075760.844,PASS,200,19
1783075760.973,PASS,200,30
1783075761.113,PASS,200,19
1783075761.242,PASS,200,18
1783075761.370,PASS,200,28
1783075761.508,PASS,200,21
1783075761.638,PASS,200,20
1783075761.767,PASS,200,18
1783075761.893,PASS,200,21
1783075762.022,PASS,200,19
1783075762.150,PASS,200,18
1783075762.278,PASS,200,19
1783075762.407,PASS,200,19
1783075762.536,PASS,200,19
1783075762.665,PASS,200,19
1783075762.794,PASS,200,19
1783075762.923,PASS,200,21
1783075763.054,PASS,200,19
1783075763.183,PASS,200,19
1783075763.313,PASS,200,22
1783075763.444,PASS,200,20
1783075763.575,PASS,200,19
1783075763.703,PASS,200,19
1783075763.831,PASS,200,19
1783075763.960,PASS,200,19
1783075764.087,PASS,200,23
1783075764.218,PASS,200,19
1783075764.347,PASS,200,20
1783075764.476,PASS,200,18
1783075764.604,PASS,200,19
1783075764.734,PASS,200,19
1783075764.863,PASS,200,19
1783075764.998,PASS,200,19
1783075765.127,PASS,200,20
1783075765.257,PASS,200,19
1783075765.385,PASS,200,19
1783075765.513,PASS,200,17
1783075765.640,PASS,200,19
1783075765.768,PASS,200,20
1783075765.896,PASS,200,19
1783075766.024,PASS,200,19
1783075766.152,PASS,200,21
1783075766.281,PASS,200,20
1783075766.410,PASS,200,20
1783075766.540,PASS,200,18
1783075766.667,PASS,200,19
1783075766.795,PASS,200,18
1783075766.923,PASS,200,18
1783075767.050,PASS,200,19
1783075767.179,PASS,200,19
1783075767.307,PASS,200,21
1783075767.437,PASS,200,19
1783075767.566,PASS,200,19
1783075767.694,PASS,200,19
1783075767.822,PASS,200,19
1783075767.951,PASS,200,20
1783075768.080,PASS,200,19
1783075768.208,PASS,200,19
1783075768.336,PASS,200,19
1783075768.465,PASS,200,19
1783075768.593,PASS,200,19
1783075768.720,PASS,200,22
1783075768.850,PASS,200,19
1783075768.979,PASS,200,31
1783075769.120,PASS,200,19
1783075769.249,PASS,200,18
1783075769.377,PASS,200,19
1783075769.505,PASS,200,20
1783075769.635,PASS,200,29
1783075769.772,PASS,200,19
1783075769.900,PASS,200,19
1783075770.028,PASS,200,19
1783075770.156,PASS,200,21
1783075770.286,PASS,200,19
1783075770.414,PASS,200,19
1783075770.542,PASS,200,19
1783075770.671,PASS,200,22
1783075770.802,PASS,200,19
1783075770.930,PASS,200,18
1783075771.057,PASS,200,21
1783075771.187,PASS,200,20
1783075771.317,PASS,200,21
1783075771.447,PASS,200,20
1783075771.577,PASS,200,19
1783075771.705,PASS,200,21
1783075771.834,PASS,200,19
1783075771.963,PASS,200,19
1783075772.091,PASS,200,19
1783075772.220,PASS,200,19
1783075772.349,PASS,200,19
1783075772.477,PASS,200,20
1783075772.608,PASS,200,20
1783075772.738,PASS,200,19
1783075772.867,PASS,200,19
1783075773.002,PASS,200,21
1783075773.132,PASS,200,19
1783075773.261,PASS,200,21
1783075773.391,PASS,200,20
1783075773.522,PASS,200,19
1783075773.650,PASS,200,20
1783075773.780,PASS,200,21
1783075773.909,PASS,200,22
1783075774.039,PASS,200,22
1783075774.169,PASS,200,22
1783075774.299,PASS,200,23
1783075774.432,PASS,200,19
1783075774.561,PASS,200,18
1783075774.689,PASS,200,20
1783075774.818,PASS,200,19
1783075774.946,PASS,200,20
1783075775.075,PASS,200,19
1783075775.204,PASS,200,19
1783075775.334,PASS,200,20
1783075775.463,PASS,200,19
1783075775.591,PASS,200,18
1783075775.721,PASS,200,19
1783075775.849,PASS,200,22
1783075775.979,PASS,200,34
1783075776.123,PASS,200,22
1783075776.253,PASS,200,19
1783075776.382,PASS,200,19
1783075776.511,PASS,200,19
1783075776.641,PASS,200,20
1783075776.771,PASS,200,19
1783075776.899,PASS,200,19
1783075777.028,PASS,200,20
1783075777.158,PASS,200,20
1783075777.287,PASS,200,19
1783075777.416,PASS,200,20
1783075777.545,PASS,200,20
1783075777.674,PASS,200,19
1783075777.801,PASS,200,19
1783075777.929,PASS,200,21
1783075778.058,PASS,200,18
1783075778.185,PASS,200,19
1783075778.313,PASS,200,21
1783075778.443,PASS,200,20
1783075778.572,PASS,200,19
1783075778.700,PASS,200,19
1783075778.828,PASS,200,19
1783075778.956,PASS,200,19
1783075779.085,PASS,200,19
1783075779.213,PASS,200,19
1783075779.341,PASS,200,19
1783075779.471,PASS,200,19
1783075779.599,PASS,200,19
1783075779.726,PASS,200,18
1783075779.853,PASS,200,19
1783075779.981,PASS,200,28
1783075780.117,PASS,200,19
1783075780.246,PASS,200,19
1783075780.374,PASS,200,18
1783075780.502,PASS,200,17
1783075780.629,PASS,200,19
1783075780.758,PASS,200,20
1783075780.886,PASS,200,19
1783075781.014,PASS,200,19
1783075781.142,PASS,200,19
1783075781.270,PASS,200,19
1783075781.398,PASS,200,20
1783075781.528,PASS,200,17
1783075781.654,PASS,200,19
1783075781.782,PASS,200,19
1783075781.910,PASS,200,18
1783075782.037,PASS,200,19
1783075782.165,PASS,200,21
1783075782.294,PASS,200,19
1783075782.422,PASS,200,19
1783075782.550,PASS,200,19
1783075782.679,PASS,200,21
1783075782.809,PASS,200,19
1783075782.937,PASS,200,19
1783075783.067,PASS,200,19
1783075783.195,PASS,200,21
1783075783.324,PASS,200,20
1783075783.452,PASS,200,19
1783075783.581,PASS,200,18
1783075783.709,PASS,200,19
1783075783.837,PASS,200,19
1783075783.965,PASS,200,19
1783075784.096,PASS,200,19
1783075784.225,PASS,200,19
1783075784.354,PASS,200,18
1783075784.482,PASS,200,17
1783075784.609,PASS,200,19
1783075784.736,PASS,200,19
1783075784.863,PASS,200,19
1783075784.994,PASS,200,25
1783075785.128,PASS,200,19
1783075785.257,PASS,200,23
1783075785.388,PASS,200,19
1783075785.517,PASS,200,21
1783075785.648,PASS,200,19
1783075785.776,PASS,200,19
1783075785.903,PASS,200,20
1783075786.034,PASS,200,19
1783075786.161,PASS,200,19
1783075786.289,PASS,200,19
1783075786.418,PASS,200,19
1783075786.546,PASS,200,20
1783075786.675,PASS,200,22
1783075786.806,PASS,200,19
1783075786.935,PASS,200,19
1783075787.064,PASS,200,20
1783075787.193,PASS,200,20
1783075787.322,PASS,200,20
1783075787.452,PASS,200,19
1783075787.580,PASS,200,19
1783075787.709,PASS,200,18
1783075787.837,PASS,200,20
1783075787.965,PASS,200,19
1783075788.104,PASS,200,19
1783075788.232,PASS,200,19
1783075788.361,PASS,200,19
1783075788.488,PASS,200,19
1783075788.616,PASS,200,22
1783075788.747,PASS,200,20
1783075788.876,PASS,200,19
1783075789.005,PASS,200,23
1783075789.138,PASS,200,23
1783075789.272,PASS,200,23
1783075789.404,PASS,200,23
1783075789.537,PASS,200,22
1783075789.668,PASS,200,19
1783075789.795,PASS,200,19
1783075789.923,PASS,200,18
1783075790.050,PASS,200,19
1783075790.178,PASS,200,18
1783075790.305,PASS,200,20
1783075790.436,PASS,200,21
1783075790.567,PASS,200,19
1783075790.694,PASS,200,22
1783075790.824,PASS,200,20
1783075790.952,PASS,200,19
1783075791.081,PASS,200,18
1783075791.208,PASS,200,19
1783075791.336,PASS,200,21
1783075791.465,PASS,200,21
1783075791.595,PASS,200,19
1783075791.722,PASS,200,20
1783075791.852,PASS,200,19
1783075791.979,PASS,200,26
1783075792.115,PASS,200,19
1783075792.242,PASS,200,18
1783075792.369,PASS,200,21
1783075792.498,PASS,200,19
1783075792.625,PASS,200,19
1783075792.755,PASS,200,19
1783075792.884,PASS,200,19
1783075793.012,PASS,200,19
1783075793.140,PASS,200,21
1783075793.270,PASS,200,22
1783075793.401,PASS,200,20
1783075793.531,PASS,200,18
1783075793.657,PASS,200,20
1783075793.787,PASS,200,19
1783075793.915,PASS,200,19
1783075794.042,PASS,200,19
1783075794.170,PASS,200,18
1783075794.297,PASS,200,19
1783075794.426,PASS,200,19
1783075794.554,PASS,200,19
1783075794.683,PASS,200,19
1783075794.813,PASS,200,19
1783075794.942,PASS,200,19
1783075795.069,PASS,200,20
1783075795.198,PASS,200,19
1783075795.328,PASS,200,19
1783075795.456,PASS,200,19
1783075795.584,PASS,200,18
1783075795.712,PASS,200,20
1783075795.841,PASS,200,18
1783075795.968,PASS,200,19
1783075796.106,PASS,200,19
1783075796.235,PASS,200,20
1783075796.362,PASS,200,20
1783075796.491,PASS,200,19
1783075796.620,PASS,200,19
1783075796.747,PASS,200,19
1783075796.874,PASS,200,19
1783075797.003,PASS,200,19
1783075797.132,PASS,200,18
1783075797.259,PASS,200,19
1783075797.388,PASS,200,19
1783075797.517,PASS,200,21
1783075797.646,PASS,200,19
1783075797.774,PASS,200,19
1783075797.902,PASS,200,19
1783075798.031,PASS,200,20
1783075798.159,PASS,200,19
1783075798.286,PASS,200,20
1783075798.416,PASS,200,20
1783075798.544,PASS,200,19
1783075798.671,PASS,200,19
1783075798.799,PASS,200,17
1783075798.926,PASS,200,19
1783075799.054,PASS,200,19
1783075799.182,PASS,200,19
1783075799.309,PASS,200,20
1783075799.440,PASS,200,19
1783075799.568,PASS,200,18
1783075799.696,PASS,200,19
1783075799.825,PASS,200,19
1783075799.953,PASS,200,19
1783075800.082,PASS,200,22
1783075800.213,PASS,200,19
1783075800.343,PASS,200,19
1783075800.472,PASS,200,19
1783075800.600,PASS,200,22
1783075800.732,PASS,200,21
1783075800.864,PASS,200,19
1783075801.002,PASS,200,23
1783075801.135,PASS,200,22
1783075801.268,PASS,200,20
1783075801.397,PASS,200,19
1783075801.525,PASS,200,20
1783075801.655,PASS,200,19
1783075801.784,PASS,200,19
1783075801.913,PASS,200,20
1783075802.043,PASS,200,19
1783075802.172,PASS,200,22
1783075802.303,PASS,200,20
1783075802.433,PASS,200,19
1783075802.563,PASS,200,19
1783075802.691,PASS,200,19
1783075802.820,PASS,200,19
1783075802.948,PASS,200,19
1783075803.076,PASS,200,19
1783075803.206,PASS,200,18
1783075803.334,PASS,200,21
1783075803.465,PASS,200,19
1783075803.594,PASS,200,20
1783075803.724,PASS,200,20
1783075803.854,PASS,200,19
1783075803.983,PASS,200,32
1783075804.124,PASS,200,19
1783075804.254,PASS,200,19
1783075804.383,PASS,200,20
1783075804.512,PASS,200,19
1783075804.641,PASS,200,20
1783075804.771,PASS,200,22
1783075804.902,PASS,200,19
1783075805.030,PASS,200,19
1783075805.159,PASS,200,19
1783075805.286,PASS,200,20
1783075805.416,PASS,200,20
1783075805.544,PASS,200,19
1783075805.673,PASS,200,18
1783075805.801,PASS,200,19
1783075805.929,PASS,200,21
1783075806.058,PASS,200,19
1783075806.187,PASS,200,19
1783075806.316,PASS,200,22
1783075806.446,PASS,200,20
1783075806.575,PASS,200,19
1783075806.703,PASS,200,19
1783075806.831,PASS,200,19
1783075806.960,PASS,200,19
1783075807.089,PASS,200,19
1783075807.217,PASS,200,19
1783075807.346,PASS,200,19
1783075807.475,PASS,200,21
1783075807.604,PASS,200,19
1783075807.734,PASS,200,19
1783075807.862,PASS,200,19
1783075807.991,PASS,200,28
1783075808.129,PASS,200,19
1783075808.257,PASS,200,19
1783075808.386,PASS,200,19
1783075808.515,PASS,200,20
1783075808.644,PASS,200,19
1783075808.773,PASS,200,19
1783075808.900,PASS,200,19
1783075809.029,PASS,200,22
1783075809.159,PASS,200,19
1783075809.288,PASS,200,20
1783075809.419,PASS,200,19
1783075809.547,PASS,200,19
1783075809.675,PASS,200,19
1783075809.804,PASS,200,19
1783075809.932,PASS,200,21
1783075810.062,PASS,200,19
1783075810.190,PASS,200,21
1783075810.321,PASS,200,23
1783075810.455,PASS,200,19
1783075810.584,PASS,200,19
1783075810.713,PASS,200,19
1783075810.841,PASS,200,19
1783075810.968,PASS,200,25
1783075811.106,PASS,200,19
1783075811.235,PASS,200,19
1783075811.364,PASS,200,19
1783075811.492,PASS,200,21
1783075811.623,PASS,200,21
1783075811.752,PASS,200,19
1783075811.880,PASS,200,19
1783075812.008,PASS,200,20
1783075812.137,PASS,200,20
1783075812.266,PASS,200,22
1783075812.396,PASS,200,22
1783075812.527,PASS,200,19
1783075812.656,PASS,200,20
1783075812.785,PASS,200,18
1783075812.913,PASS,200,23
1783075813.044,PASS,200,19
1783075813.174,PASS,200,19
1783075813.303,PASS,200,22
1783075813.434,PASS,200,19
1783075813.563,PASS,200,19
1783075813.691,PASS,200,22
1783075813.822,PASS,200,19
1783075813.950,PASS,200,19
1783075814.078,PASS,200,19
1783075814.207,PASS,200,19
1783075814.335,PASS,200,19
1783075814.464,PASS,200,19
1783075814.593,PASS,200,19
1783075814.721,PASS,200,19
1783075814.849,PASS,200,19
1783075814.976,PASS,200,29
1783075815.115,PASS,200,19
1783075815.244,PASS,200,19
1783075815.373,PASS,200,19
1783075815.501,PASS,200,21
1783075815.631,PASS,200,19
1783075815.759,PASS,200,19
1783075815.886,PASS,200,19
1783075816.016,PASS,200,19
1783075816.145,PASS,200,19
1783075816.273,PASS,200,28
1783075816.410,PASS,200,19
1783075816.539,PASS,200,19
1783075816.668,PASS,200,19
1783075816.796,PASS,200,19
1783075816.925,PASS,200,19
1783075817.054,PASS,200,19
1783075817.181,PASS,200,19
1783075817.310,PASS,200,19
1783075817.439,PASS,200,20
1783075817.568,PASS,200,17
1783075817.695,PASS,200,19
1783075817.823,PASS,200,19
1783075817.952,PASS,200,19
1783075818.079,PASS,200,19
1783075818.207,PASS,200,19
1783075818.337,PASS,200,23
1783075818.469,PASS,200,18
1783075818.596,PASS,200,19
1783075818.724,PASS,200,20
1783075818.853,PASS,200,26
1783075818.988,PASS,200,29
1783075819.126,PASS,200,19
1783075819.255,PASS,200,19
1783075819.383,PASS,200,20
1783075819.512,PASS,200,19
1783075819.641,PASS,200,19
1783075819.770,PASS,200,19
1783075819.898,PASS,200,19
1783075820.026,PASS,200,22
1783075820.157,PASS,200,19
1783075820.285,PASS,200,20
1783075820.415,PASS,200,21
1783075820.545,PASS,200,18
1783075820.673,PASS,200,20
1783075820.802,PASS,200,19
1783075820.930,PASS,200,19
1783075821.058,PASS,200,19
1783075821.187,PASS,200,20
1783075821.317,PASS,200,19
1783075821.447,PASS,200,23
1783075821.579,PASS,200,19
1783075821.707,PASS,200,19
1783075821.835,PASS,200,19
1783075821.963,PASS,200,20
1783075822.093,PASS,200,19
1783075822.220,PASS,200,19
1783075822.349,PASS,200,19
1783075822.477,PASS,200,19
1783075822.605,PASS,200,19
1783075822.734,PASS,200,19
1783075822.863,PASS,200,19
1783075822.992,PASS,200,24
1783075823.126,PASS,200,19
1783075823.254,PASS,200,21
1783075823.386,PASS,200,21
1783075823.515,PASS,200,18
1783075823.643,PASS,200,20
1783075823.773,PASS,200,19
1783075823.903,PASS,200,19
1783075824.032,PASS,200,19
1783075824.160,PASS,200,19
1783075824.287,PASS,200,19
1783075824.416,PASS,200,20
1783075824.544,PASS,200,19
1783075824.673,PASS,200,19
1783075824.802,PASS,200,19
1783075824.930,PASS,200,20
1783075825.059,PASS,200,19
1783075825.188,PASS,200,19
1783075825.317,PASS,200,19
1783075825.446,PASS,200,19
1783075825.574,PASS,200,21
1783075825.703,PASS,200,18
1783075825.831,PASS,200,18
1783075825.958,PASS,200,19
1783075826.087,PASS,200,19
1783075826.215,PASS,200,22
1783075826.346,PASS,200,21
1783075826.476,PASS,200,20
1783075826.605,PASS,200,22
1783075826.734,PASS,200,19
1783075826.863,PASS,200,19
1783075826.997,PASS,200,23
1783075827.130,PASS,200,19
1783075827.259,PASS,200,19
1783075827.387,PASS,200,19
1783075827.516,PASS,200,19
1783075827.645,PASS,200,20
1783075827.774,PASS,200,21
1783075827.904,PASS,200,19
1783075828.032,PASS,200,19
1783075828.159,PASS,200,19
1783075828.288,PASS,200,18
1783075828.416,PASS,200,20
1783075828.545,PASS,200,17
1783075828.671,PASS,200,19
1783075828.800,PASS,200,19
1783075828.928,PASS,200,19
1783075829.057,PASS,200,19
1783075829.186,PASS,200,18
1783075829.314,PASS,200,21
1783075829.444,PASS,200,19
1783075829.573,PASS,200,19
1783075829.701,PASS,200,19
1783075829.830,PASS,200,21
1783075829.960,PASS,200,20
1783075830.089,PASS,200,20
1783075830.219,PASS,200,20
1783075830.349,PASS,200,23
1783075830.480,PASS,200,19
1783075830.607,PASS,200,19
1783075830.736,PASS,200,19
1783075830.864,PASS,200,18
1783075830.992,PASS,200,26
1783075831.128,PASS,200,19
1783075831.257,PASS,200,19
1783075831.386,PASS,200,21
1783075831.515,PASS,200,19
1783075831.644,PASS,200,19
1783075831.773,PASS,200,19
1783075831.901,PASS,200,19
1783075832.029,PASS,200,24
1783075832.162,PASS,200,19
1783075832.290,PASS,200,21
1783075832.419,PASS,200,21
1783075832.548,PASS,200,19
1783075832.677,PASS,200,19
1783075832.805,PASS,200,17
1783075832.932,PASS,200,19
1783075833.061,PASS,200,20
1783075833.190,PASS,200,19
1783075833.318,PASS,200,21
1783075833.448,PASS,200,19
1783075833.577,PASS,200,19
1783075833.706,PASS,200,17
1783075833.833,PASS,200,19
1783075833.963,PASS,200,19
1783075834.092,PASS,200,20
1783075834.221,PASS,200,21
1783075834.351,PASS,200,19
1783075834.480,PASS,200,19
1783075834.608,PASS,200,20
1783075834.737,PASS,200,19
1783075834.864,PASS,200,20
1783075835.002,PASS,200,18
1783075835.129,PASS,200,22
1783075835.259,PASS,200,20
1783075835.389,PASS,200,19
1783075835.517,PASS,200,19
1783075835.646,PASS,200,19
1783075835.775,PASS,200,20
1783075835.905,PASS,200,22
1783075836.035,PASS,200,20
1783075836.165,PASS,200,19
1783075836.293,PASS,200,19
1783075836.422,PASS,200,19
1783075836.553,PASS,200,19
1783075836.681,PASS,200,19
1783075836.809,PASS,200,19
1783075836.938,PASS,200,23
1783075837.069,PASS,200,20
1783075837.198,PASS,200,19
1783075837.327,PASS,200,19
1783075837.457,PASS,200,19
1783075837.586,PASS,200,19
1783075837.715,PASS,200,19
1783075837.843,PASS,200,21
1783075837.974,PASS,200,19
1783075838.109,PASS,200,19
1783075838.237,PASS,200,19
1783075838.364,PASS,200,20
1783075838.494,PASS,200,19
1783075838.622,PASS,200,19
1783075838.752,PASS,200,19
1783075838.881,PASS,200,20
1783075839.011,PASS,200,21
1783075839.141,PASS,200,20
1783075839.270,PASS,200,20
1783075839.400,PASS,200,19
1783075839.528,PASS,200,20
1783075839.657,PASS,200,19
1783075839.786,PASS,200,19
1783075839.914,PASS,200,19
1783075840.043,PASS,200,19
1783075840.171,PASS,200,19
1783075840.298,PASS,200,19
1783075840.428,PASS,200,19
1783075840.557,PASS,200,19
1783075840.685,PASS,200,19
1783075840.814,PASS,200,20
1783075840.942,PASS,200,19
1783075841.070,PASS,200,19
1783075841.198,PASS,200,19
1783075841.326,PASS,200,19
1783075841.454,PASS,200,19
1783075841.583,PASS,200,19
1783075841.711,PASS,200,19
1783075841.838,PASS,200,19
1783075841.966,PASS,200,19
1783075842.098,PASS,200,19
1783075842.227,PASS,200,19
1783075842.357,PASS,200,20
1783075842.487,PASS,200,19
1783075842.615,PASS,200,19
1783075842.743,PASS,200,20
1783075842.873,PASS,200,19
1783075843.003,PASS,200,20
1783075843.132,PASS,200,19
