i,epoch,http,error
0,1783141674.557,0,"error":false
1,1783141674.624,0,"error":false
2,1783141674.677,0,"error":false
3,1783141674.724,0,"error":false
4,1783141674.772,0,"error":false
5,1783141674.821,0,"error":false
6,1783141674.874,0,"error":false
7,1783141674.922,0,"error":false
8,1783141674.971,0,"error":false
9,1783141675.030,0,"error":false
10,1783141675.078,0,"error":false
11,1783141675.125,0,"error":false
12,1783141675.173,0,"error":false
13,1783141675.221,0,"error":false
14,1783141675.268,0,"error":false
15,1783141675.315,0,"error":false
16,1783141675.361,0,"error":false
17,1783141675.412,0,"error":false
18,1783141675.459,0,"error":false
19,1783141675.504,0,"error":false
20,1783141675.550,0,"error":false
21,1783141675.602,0,"error":false
22,1783141675.650,0,"error":false
23,1783141675.697,0,"error":false
24,1783141675.745,0,"error":false
25,1783141675.791,0,"error":false
26,1783141675.840,0,"error":false
27,1783141675.885,0,"error":false
28,1783141675.933,0,"error":false
29,1783141675.979,0,"error":false
30,1783141676.036,0,"error":false
31,1783141676.080,0,"error":false
32,1783141676.129,0,"error":false
33,1783141676.177,0,"error":false
34,1783141676.226,0,"error":false
35,1783141676.273,0,"error":false
36,1783141676.320,0,"error":false
37,1783141676.366,0,"error":false
38,1783141676.413,0,"error":false
39,1783141676.463,0,"error":false
40,1783141676.510,0,"error":false
41,1783141676.559,0,"error":false
42,1783141676.609,0,"error":false
43,1783141676.656,0,"error":false
44,1783141676.704,0,"error":false
45,1783141676.750,0,"error":false
46,1783141676.798,0,"error":false
47,1783141676.849,0,"error":false
48,1783141676.898,0,"error":false
49,1783141676.942,0,"error":false
50,1783141676.991,0,"error":false
51,1783141677.044,0,"error":false
52,1783141677.090,0,"error":false
53,1783141677.141,0,"error":false
54,1783141677.192,0,"error":false
55,1783141677.241,0,"error":false
56,1783141677.289,0,"error":false
57,1783141677.337,0,"error":false
58,1783141677.386,0,"error":false
59,1783141677.434,0,"error":false
60,1783141677.481,0,"error":false
61,1783141677.530,0,"error":false
62,1783141677.577,0,"error":false
63,1783141677.625,0,"error":false
64,1783141677.671,0,"error":false
65,1783141677.739,0,"error":false
66,1783141677.786,0,"error":false
67,1783141677.832,0,"error":false
68,1783141677.880,0,"error":false
69,1783141677.933,0,"error":false
70,1783141677.980,0,"error":false
71,1783141678.035,0,"error":false
72,1783141678.080,0,"error":false
73,1783141678.128,0,"error":false
74,1783141678.177,0,"error":false
75,1783141678.225,0,"error":false
76,1783141678.270,0,"error":false
77,1783141678.322,0,"error":false
78,1783141678.371,0,"error":false
79,1783141678.421,0,"error":false
80,1783141678.469,0,"error":false
81,1783141678.541,0,"error":false
82,1783141678.590,0,"error":false
83,1783141678.635,0,"error":false
84,1783141678.685,0,"error":false
85,1783141678.734,0,"error":false
86,1783141678.783,0,"error":false
87,1783141678.831,0,"error":false
88,1783141678.879,0,"error":false
89,1783141678.932,0,"error":false
90,1783141679.004,0,"error":false
91,1783141679.053,0,"error":false
92,1783141679.099,0,"error":false
93,1783141679.146,0,"error":false
94,1783141679.193,0,"error":false
95,1783141679.239,0,"error":false
96,1783141679.286,0,"error":false
97,1783141679.336,0,"error":false
98,1783141679.383,0,"error":false
99,1783141679.430,0,"error":false
100,1783141679.479,0,"error":false
101,1783141679.529,0,"error":false
102,1783141679.581,0,"error":false
103,1783141679.630,0,"error":false
104,1783141679.680,0,"error":false
105,1783141679.729,0,"error":false
106,1783141679.775,0,"error":false
107,1783141679.828,0,"error":false
108,1783141679.886,0,"error":false
109,1783141679.933,0,"error":false
110,1783141679.981,0,"error":false
111,1783141680.036,0,"error":false
112,1783141680.083,0,"error":false
113,1783141680.129,0,"error":false
114,1783141680.174,0,"error":false
115,1783141680.220,0,"error":false
116,1783141680.270,0,"error":false
117,1783141680.317,0,"error":false
118,1783141680.366,0,"error":false
119,1783141680.413,0,"error":false
120,1783141680.461,0,"error":false
121,1783141680.509,0,"error":false
122,1783141680.556,0,"error":false
123,1783141680.603,0,"error":false
124,1783141680.650,0,"error":false
125,1783141680.703,0,"error":false
126,1783141680.750,0,"error":false
127,1783141680.803,0,"error":false
128,1783141680.848,0,"error":false
129,1783141680.897,0,"error":false
130,1783141680.950,0,"error":false
131,1783141681.007,0,"error":false
132,1783141681.054,0,"error":false
133,1783141681.101,0,"error":false
134,1783141681.148,0,"error":false
135,1783141681.194,0,"error":false
136,1783141681.242,0,"error":false
137,1783141681.288,0,"error":false
138,1783141681.335,0,"error":false
139,1783141681.381,0,"error":false
140,1783141681.428,0,"error":false
141,1783141681.475,0,"error":false
142,1783141681.524,0,"error":false
143,1783141681.570,0,"error":false
144,1783141681.618,0,"error":false
145,1783141681.664,0,"error":false
146,1783141681.709,0,"error":false
147,1783141681.755,0,"error":false
148,1783141681.801,0,"error":false
149,1783141681.852,0,"error":false
150,1783141681.899,0,"error":false
151,1783141681.948,0,"error":false
152,1783141682.003,0,"error":false
153,1783141682.050,0,"error":false
154,1783141682.097,0,"error":false
155,1783141682.145,0,"error":false
156,1783141682.191,0,"error":false
157,1783141682.240,0,"error":false
158,1783141682.308,0,"error":false
159,1783141682.357,0,"error":false
160,1783141682.404,0,"error":false
161,1783141682.460,0,"error":false
162,1783141682.518,0,"error":false
163,1783141682.565,0,"error":false
164,1783141682.613,0,"error":false
165,1783141682.660,0,"error":false
166,1783141682.709,0,"error":false
167,1783141682.762,0,"error":false
168,1783141682.808,0,"error":false
169,1783141682.856,0,"error":false
170,1783141682.902,0,"error":false
171,1783141682.948,0,"error":false
172,1783141683.004,0,"error":false
173,1783141683.053,0,"error":false
174,1783141683.101,0,"error":false
175,1783141683.150,0,"error":false
176,1783141683.197,0,"error":false
177,1783141683.245,0,"error":false
178,1783141683.295,0,"error":false
179,1783141683.348,0,"error":false
180,1783141683.406,0,"error":false
181,1783141683.453,0,"error":false
182,1783141683.501,0,"error":false
183,1783141683.552,0,"error":false
184,1783141683.599,0,"error":false
185,1783141683.653,0,"error":false
186,1783141683.703,0,"error":false
187,1783141683.753,0,"error":false
188,1783141683.803,0,"error":false
189,1783141683.852,0,"error":false
190,1783141683.901,0,"error":false
191,1783141683.952,0,"error":false
192,1783141684.011,0,"error":false
193,1783141684.062,0,"error":false
194,1783141684.110,0,"error":false
195,1783141684.158,0,"error":false
196,1783141684.205,0,"error":false
197,1783141684.263,0,"error":false
198,1783141684.310,0,"error":false
199,1783141684.366,0,"error":false
200,1783141684.411,0,"error":false
201,1783141684.457,0,"error":false
202,1783141684.504,0,"error":false
203,1783141684.554,0,"error":false
204,1783141684.602,0,"error":false
205,1783141684.652,0,"error":false
206,1783141684.698,0,"error":false
207,1783141684.745,0,"error":false
208,1783141684.794,0,"error":false
209,1783141684.847,0,"error":false
210,1783141684.894,0,"error":false
211,1783141684.948,0,"error":false
212,1783141685.002,0,"error":false
213,1783141685.049,0,"error":false
214,1783141685.095,0,"error":false
215,1783141685.143,0,"error":false
216,1783141685.189,0,"error":false
217,1783141685.236,0,"error":false
218,1783141685.283,0,"error":false
219,1783141685.333,0,"error":false
220,1783141685.379,0,"error":false
221,1783141685.427,0,"error":false
222,1783141685.473,0,"error":false
223,1783141685.519,0,"error":false
224,1783141685.567,0,"error":false
225,1783141685.619,0,"error":false
226,1783141685.669,0,"error":false
227,1783141685.716,0,"error":false
228,1783141685.764,0,"error":false
229,1783141685.809,0,"error":false
230,1783141685.856,0,"error":false
231,1783141685.902,0,"error":false
232,1783141685.951,0,"error":false
233,1783141686.005,0,"error":false
234,1783141686.065,0,"error":false
235,1783141686.111,0,"error":false
236,1783141686.162,0,"error":false
237,1783141686.209,0,"error":false
238,1783141686.260,0,"error":false
239,1783141686.308,0,"error":false
240,1783141686.356,0,"error":false
241,1783141686.408,0,"error":false
242,1783141686.456,0,"error":false
243,1783141686.501,0,"error":false
244,1783141686.552,0,"error":false
245,1783141686.597,0,"error":false
246,1783141686.646,0,"error":false
247,1783141686.697,0,"error":false
248,1783141686.747,0,"error":false
249,1783141686.792,0,"error":false
250,1783141686.839,0,"error":false
251,1783141686.889,0,"error":false
252,1783141686.939,0,"error":false
253,1783141686.985,0,"error":false
254,1783141687.043,0,"error":false
255,1783141687.089,0,"error":false
256,1783141687.137,0,"error":false
257,1783141687.188,0,"error":false
258,1783141687.242,0,"error":false
259,1783141687.293,0,"error":false
260,1783141687.351,0,"error":false
261,1783141687.398,0,"error":false
262,1783141687.454,0,"error":false
263,1783141687.499,0,"error":false
264,1783141687.545,0,"error":false
265,1783141687.594,0,"error":false
266,1783141687.645,0,"error":false
267,1783141687.696,0,"error":false
268,1783141687.746,0,"error":false
269,1783141687.793,0,"error":false
270,1783141687.841,0,"error":false
271,1783141687.889,0,"error":false
272,1783141687.934,0,"error":false
273,1783141687.981,0,"error":false
274,1783141688.036,0,"error":false
275,1783141688.084,0,"error":false
276,1783141688.128,0,"error":false
277,1783141688.176,0,"error":false
278,1783141688.222,0,"error":false
279,1783141688.282,0,"error":false
280,1783141688.327,0,"error":false
281,1783141688.377,0,"error":false
282,1783141688.424,0,"error":false
283,1783141688.472,0,"error":false
284,1783141688.519,0,"error":false
285,1783141688.566,0,"error":false
286,1783141688.611,0,"error":false
287,1783141688.668,0,"error":false
288,1783141688.720,0,"error":false
289,1783141688.768,0,"error":false
290,1783141688.816,0,"error":false
291,1783141688.867,0,"error":false
292,1783141688.914,0,"error":false
293,1783141688.960,0,"error":false
294,1783141689.016,0,"error":false
295,1783141689.067,0,"error":false
296,1783141689.113,0,"error":false
297,1783141689.162,0,"error":false
298,1783141689.209,0,"error":false
299,1783141689.261,0,"error":false
300,1783141689.309,0,"error":false
301,1783141689.359,0,"error":false
302,1783141689.406,0,"error":false
303,1783141689.457,0,"error":false
304,1783141689.504,0,"error":false
305,1783141689.551,0,"error":false
306,1783141689.599,0,"error":false
307,1783141689.651,0,"error":false
308,1783141689.702,0,"error":false
309,1783141689.752,0,"error":false
310,1783141689.804,0,"error":false
311,1783141689.852,0,"error":false
312,1783141689.898,0,"error":false
313,1783141689.948,0,"error":false
314,1783141690.006,0,"error":false
315,1783141690.053,0,"error":false
316,1783141690.101,0,"error":false
317,1783141690.150,0,"error":false
318,1783141690.198,0,"error":false
319,1783141690.249,0,"error":false
320,1783141690.302,0,"error":false
321,1783141690.351,0,"error":false
322,1783141690.399,0,"error":false
323,1783141690.445,0,"error":false
324,1783141690.493,0,"error":false
325,1783141690.540,0,"error":false
326,1783141690.587,0,"error":false
327,1783141690.633,0,"error":false
328,1783141690.681,0,"error":false
329,1783141690.727,0,"error":false
330,1783141690.773,0,"error":false
331,1783141690.823,0,"error":false
332,1783141690.868,0,"error":false
333,1783141690.917,0,"error":false
334,1783141690.971,0,"error":false
335,1783141691.028,0,"error":false
336,1783141691.077,0,"error":false
337,1783141691.122,0,"error":false
338,1783141691.168,0,"error":false
339,1783141691.215,0,"error":false
340,1783141691.274,0,"error":false
341,1783141691.322,0,"error":false
342,1783141691.370,0,"error":false
343,1783141691.415,0,"error":false
344,1783141691.465,0,"error":false
345,1783141691.511,0,"error":false
346,1783141691.559,0,"error":false
347,1783141691.610,0,"error":false
348,1783141691.656,0,"error":false
349,1783141691.703,0,"error":false
350,1783141691.749,0,"error":false
351,1783141691.794,0,"error":false
352,1783141691.842,0,"error":false
353,1783141691.890,0,"error":false
354,1783141691.936,0,"error":false
355,1783141691.982,0,"error":false
356,1783141692.037,0,"error":false
357,1783141692.085,0,"error":false
358,1783141692.133,0,"error":false
359,1783141692.184,0,"error":false
360,1783141692.232,0,"error":false
361,1783141692.279,0,"error":false
362,1783141692.326,0,"error":false
363,1783141692.378,0,"error":false
364,1783141692.424,0,"error":false
365,1783141692.473,0,"error":false
366,1783141692.518,0,"error":false
367,1783141692.566,0,"error":false
368,1783141692.614,0,"error":false
369,1783141692.660,0,"error":false
370,1783141692.709,0,"error":false
371,1783141692.758,0,"error":false
372,1783141692.804,0,"error":false
373,1783141692.851,0,"error":false
374,1783141692.897,0,"error":false
375,1783141692.947,0,"error":false
376,1783141692.991,0,"error":false
377,1783141693.048,0,"error":false
378,1783141693.095,0,"error":false
379,1783141693.141,0,"error":false
380,1783141693.187,0,"error":false
381,1783141693.243,0,"error":false
382,1783141693.290,0,"error":false
383,1783141693.336,0,"error":false
384,1783141693.384,0,"error":false
385,1783141693.429,0,"error":false
386,1783141693.476,0,"error":false
387,1783141693.521,0,"error":false
388,1783141693.571,0,"error":false
389,1783141693.620,0,"error":false
390,1783141693.671,0,"error":false
391,1783141693.717,0,"error":false
392,1783141693.765,0,"error":false
393,1783141693.811,0,"error":false
394,1783141693.859,0,"error":false
395,1783141693.904,0,"error":false
396,1783141693.951,0,"error":false
397,1783141694.002,0,"error":false
398,1783141694.051,0,"error":false
399,1783141694.101,0,"error":false
400,1783141694.151,0,"error":false
401,1783141694.199,0,"error":false
402,1783141694.245,0,"error":false
403,1783141694.296,0,"error":false
404,1783141694.343,0,"error":false
405,1783141694.391,0,"error":false
406,1783141694.437,0,"error":false
407,1783141694.482,0,"error":false
408,1783141694.529,0,"error":false
409,1783141694.576,0,"error":false
410,1783141694.626,0,"error":false
411,1783141694.671,0,"error":false
412,1783141694.718,0,"error":false
413,1783141694.765,0,"error":false
414,1783141694.818,0,"error":false
415,1783141694.866,0,"error":false
416,1783141694.911,0,"error":false
417,1783141694.960,0,"error":false
418,1783141695.015,0,"error":false
419,1783141695.064,0,"error":false
420,1783141695.109,0,"error":false
421,1783141695.158,0,"error":false
422,1783141695.203,0,"error":false
423,1783141695.267,0,"error":false
424,1783141695.315,0,"error":false
425,1783141695.365,0,"error":false
426,1783141695.411,0,"error":false
427,1783141695.458,0,"error":false
428,1783141695.504,0,"error":false
429,1783141695.552,0,"error":false
430,1783141695.598,0,"error":false
431,1783141695.644,0,"error":false
432,1783141695.701,0,"error":false
433,1783141695.747,0,"error":false
434,1783141695.794,0,"error":false
435,1783141695.840,0,"error":false
436,1783141695.889,0,"error":false
437,1783141695.934,0,"error":false
438,1783141695.982,0,"error":false
439,1783141696.037,0,"error":false
440,1783141696.086,0,"error":false
441,1783141696.132,0,"error":false
442,1783141696.179,0,"error":false
443,1783141696.227,0,"error":false
444,1783141696.276,0,"error":false
445,1783141696.323,0,"error":false
446,1783141696.372,0,"error":false
447,1783141696.418,0,"error":false
448,1783141696.465,0,"error":false
449,1783141696.511,0,"error":false
450,1783141696.556,0,"error":false
451,1783141696.604,0,"error":false
452,1783141696.648,0,"error":false
453,1783141696.694,0,"error":false
454,1783141696.739,0,"error":false
455,1783141696.786,0,"error":false
456,1783141696.831,0,"error":false
457,1783141696.882,0,"error":false
458,1783141696.928,0,"error":false
459,1783141696.974,0,"error":false
460,1783141697.026,0,"error":false
461,1783141697.077,0,"error":false
462,1783141697.124,0,"error":false
463,1783141697.175,0,"error":false
464,1783141697.222,0,"error":false
465,1783141697.272,0,"error":false
466,1783141697.318,0,"error":false
467,1783141697.369,0,"error":false
468,1783141697.415,0,"error":false
469,1783141697.460,0,"error":false
470,1783141697.518,0,"error":false
471,1783141697.566,0,"error":false
472,1783141697.614,0,"error":false
473,1783141697.663,0,"error":false
474,1783141697.714,0,"error":false
475,1783141697.760,0,"error":false
476,1783141697.808,0,"error":false
477,1783141697.855,0,"error":false
478,1783141697.900,0,"error":false
479,1783141697.946,0,"error":false
480,1783141698.000,0,"error":false
481,1783141698.047,0,"error":false
482,1783141698.094,0,"error":false
483,1783141698.139,0,"error":false
484,1783141698.187,0,"error":false
485,1783141698.234,0,"error":false
486,1783141698.286,0,"error":false
487,1783141698.335,0,"error":false
488,1783141698.383,0,"error":false
489,1783141698.433,0,"error":false
490,1783141698.486,0,"error":false
491,1783141698.531,0,"error":false
492,1783141698.579,0,"error":false
493,1783141698.627,0,"error":false
494,1783141698.675,0,"error":false
495,1783141698.723,0,"error":false
496,1783141698.771,0,"error":false
497,1783141698.821,0,"error":false
498,1783141698.868,0,"error":false
499,1783141698.916,0,"error":false
500,1783141698.965,0,"error":false
501,1783141699.019,0,"error":false
502,1783141699.065,0,"error":false
503,1783141699.113,0,"error":false
504,1783141699.158,0,"error":false
505,1783141699.205,0,"error":false
506,1783141699.250,0,"error":false
507,1783141699.300,0,"error":false
508,1783141699.347,0,"error":false
509,1783141699.396,0,"error":false
510,1783141699.443,0,"error":false
511,1783141699.491,0,"error":false
512,1783141699.549,0,"error":false
513,1783141699.598,0,"error":false
514,1783141699.644,0,"error":false
515,1783141699.694,0,"error":false
516,1783141699.740,0,"error":false
517,1783141699.788,0,"error":false
518,1783141699.836,0,"error":false
519,1783141699.884,0,"error":false
520,1783141699.930,0,"error":false
521,1783141699.980,0,"error":false
522,1783141700.036,0,"error":false
523,1783141700.085,0,"error":false
524,1783141700.130,0,"error":false
525,1783141700.178,0,"error":false
526,1783141700.229,0,"error":false
527,1783141700.282,0,"error":false
528,1783141700.335,0,"error":false
529,1783141700.385,0,"error":false
530,1783141700.434,0,"error":false
531,1783141700.484,0,"error":false
532,1783141700.534,0,"error":false
533,1783141700.582,0,"error":false
534,1783141700.632,0,"error":false
535,1783141700.679,0,"error":false
536,1783141700.728,0,"error":false
537,1783141700.774,0,"error":false
538,1783141700.820,0,"error":false
539,1783141700.868,0,"error":false
540,1783141700.915,0,"error":false
541,1783141700.965,0,"error":false
542,1783141701.018,0,"error":false
543,1783141701.061,0,"error":false
544,1783141701.107,0,"error":false
545,1783141701.154,0,"error":false
546,1783141701.204,0,"error":false
547,1783141701.251,0,"error":false
548,1783141701.299,0,"error":false
549,1783141701.345,0,"error":false
550,1783141701.395,0,"error":false
551,1783141701.442,0,"error":false
552,1783141701.490,0,"error":false
553,1783141701.536,0,"error":false
554,1783141701.585,0,"error":false
555,1783141701.633,0,"error":false
556,1783141701.680,0,"error":false
557,1783141701.728,0,"error":false
558,1783141701.780,0,"error":false
559,1783141701.830,0,"error":false
560,1783141701.876,0,"error":false
561,1783141701.929,0,"error":false
562,1783141701.973,0,"error":false
563,1783141702.030,0,"error":false
564,1783141702.077,0,"error":false
565,1783141702.125,0,"error":false
566,1783141702.173,0,"error":false
567,1783141702.221,0,"error":false
568,1783141702.268,0,"error":false
569,1783141702.321,0,"error":false
570,1783141702.367,0,"error":false
571,1783141702.415,0,"error":false
572,1783141702.461,0,"error":false
573,1783141702.510,0,"error":false
574,1783141702.556,0,"error":false
575,1783141702.605,0,"error":false
576,1783141702.651,0,"error":false
577,1783141702.700,0,"error":false
578,1783141702.746,0,"error":false
579,1783141702.795,0,"error":false
580,1783141702.842,0,"error":false
581,1783141702.893,0,"error":false
582,1783141702.943,0,"error":false
583,1783141703.015,0,"error":false
584,1783141703.064,0,"error":false
585,1783141703.114,0,"error":false
586,1783141703.161,0,"error":false
587,1783141703.216,0,"error":false
588,1783141703.269,0,"error":false
589,1783141703.319,0,"error":false
590,1783141703.372,0,"error":false
591,1783141703.422,0,"error":false
592,1783141703.468,0,"error":false
593,1783141703.515,0,"error":false
594,1783141703.561,0,"error":false
595,1783141703.612,0,"error":false
596,1783141703.659,0,"error":false
597,1783141703.707,0,"error":false
598,1783141703.752,0,"error":false
599,1783141703.801,0,"error":false
600,1783141703.847,0,"error":false
601,1783141703.896,0,"error":false
602,1783141703.945,0,"error":false
603,1783141704.003,0,"error":false
604,1783141704.051,0,"error":false
605,1783141704.101,0,"error":false
606,1783141704.150,0,"error":false
607,1783141704.201,0,"error":false
608,1783141704.248,0,"error":false
609,1783141704.297,0,"error":false
610,1783141704.347,0,"error":false
611,1783141704.401,0,"error":false
612,1783141704.449,0,"error":false
613,1783141704.496,0,"error":false
614,1783141704.542,0,"error":false
615,1783141704.593,0,"error":false
616,1783141704.640,0,"error":false
617,1783141704.688,0,"error":false
618,1783141704.733,0,"error":false
619,1783141704.779,0,"error":false
620,1783141704.831,0,"error":false
621,1783141704.880,0,"error":false
622,1783141704.926,0,"error":false
623,1783141704.972,0,"error":false
624,1783141705.027,0,"error":false
625,1783141705.076,0,"error":false
626,1783141705.126,0,"error":false
627,1783141705.173,0,"error":false
628,1783141705.224,0,"error":false
629,1783141705.272,0,"error":false
630,1783141705.319,0,"error":false
631,1783141705.365,0,"error":false
632,1783141705.416,0,"error":false
633,1783141705.463,0,"error":false
634,1783141705.509,0,"error":false
635,1783141705.556,0,"error":false
636,1783141705.607,0,"error":false
637,1783141705.655,0,"error":false
638,1783141705.702,0,"error":false
639,1783141705.748,0,"error":false
640,1783141705.795,0,"error":false
641,1783141705.839,0,"error":false
642,1783141705.885,0,"error":false
643,1783141705.932,0,"error":false
644,1783141705.979,0,"error":false
645,1783141706.041,0,"error":false
646,1783141706.089,0,"error":false
647,1783141706.136,0,"error":false
648,1783141706.182,0,"error":false
649,1783141706.230,0,"error":false
650,1783141706.280,0,"error":false
651,1783141706.332,0,"error":false
652,1783141706.379,0,"error":false
653,1783141706.423,0,"error":false
654,1783141706.469,0,"error":false
655,1783141706.518,0,"error":false
656,1783141706.565,0,"error":false
657,1783141706.621,0,"error":false
658,1783141706.667,0,"error":false
659,1783141706.715,0,"error":false
660,1783141706.761,0,"error":false
661,1783141706.810,0,"error":false
662,1783141706.857,0,"error":false
663,1783141706.907,0,"error":false
664,1783141706.958,0,"error":false
665,1783141707.015,0,"error":false
666,1783141707.065,0,"error":false
667,1783141707.111,0,"error":false
668,1783141707.160,0,"error":false
669,1783141707.207,0,"error":false
670,1783141707.254,0,"error":false
671,1783141707.308,0,"error":false
672,1783141707.355,0,"error":false
673,1783141707.405,0,"error":false
674,1783141707.452,0,"error":false
675,1783141707.497,0,"error":false
676,1783141707.544,0,"error":false
677,1783141707.590,0,"error":false
678,1783141707.643,0,"error":false
679,1783141707.689,0,"error":false
680,1783141707.736,0,"error":false
681,1783141707.782,0,"error":false
682,1783141707.826,0,"error":false
683,1783141707.873,0,"error":false
684,1783141707.920,0,"error":false
685,1783141707.965,0,"error":false
686,1783141708.017,0,"error":false
687,1783141708.062,0,"error":false
688,1783141708.108,0,"error":false
689,1783141708.156,0,"error":false
690,1783141708.205,0,"error":false
691,1783141708.250,0,"error":false
692,1783141708.295,0,"error":false
693,1783141708.346,0,"error":false
694,1783141708.393,0,"error":false
695,1783141708.440,0,"error":false
696,1783141708.487,0,"error":false
697,1783141708.533,0,"error":false
698,1783141708.580,0,"error":false
699,1783141708.631,0,"error":false
700,1783141708.676,0,"error":false
701,1783141708.725,0,"error":false
702,1783141708.772,0,"error":false
703,1783141708.818,0,"error":false
704,1783141708.864,0,"error":false
705,1783141708.911,0,"error":false
706,1783141708.958,0,"error":false
707,1783141709.014,0,"error":false
708,1783141709.059,0,"error":false
709,1783141709.105,0,"error":false
710,1783141709.153,0,"error":false
711,1783141709.208,0,"error":false
712,1783141709.254,0,"error":false
713,1783141709.299,0,"error":false
714,1783141709.345,0,"error":false
715,1783141709.392,0,"error":false
716,1783141709.442,0,"error":false
717,1783141709.490,0,"error":false
718,1783141709.534,0,"error":false
719,1783141709.580,0,"error":false
720,1783141709.629,0,"error":false
721,1783141709.675,0,"error":false
722,1783141709.722,0,"error":false
723,1783141709.772,0,"error":false
724,1783141709.819,0,"error":false
725,1783141709.867,0,"error":false
726,1783141709.916,0,"error":false
727,1783141709.963,0,"error":false
728,1783141710.018,0,"error":false
729,1783141710.066,0,"error":false
730,1783141710.113,0,"error":false
731,1783141710.164,0,"error":false
732,1783141710.210,0,"error":false
733,1783141710.258,0,"error":false
734,1783141710.308,0,"error":false
735,1783141710.357,0,"error":false
736,1783141710.407,0,"error":false
737,1783141710.454,0,"error":false
738,1783141710.503,0,"error":false
739,1783141710.550,0,"error":false
740,1783141710.596,0,"error":false
741,1783141710.646,0,"error":false
742,1783141710.692,0,"error":false
743,1783141710.739,0,"error":false
744,1783141710.785,0,"error":false
745,1783141710.833,0,"error":false
746,1783141710.879,0,"error":false
747,1783141710.927,0,"error":false
748,1783141710.974,0,"error":false
749,1783141711.030,0,"error":false
750,1783141711.084,0,"error":false
751,1783141711.132,0,"error":false
752,1783141711.179,0,"error":false
753,1783141711.228,0,"error":false
754,1783141711.275,0,"error":false
755,1783141711.324,0,"error":false
756,1783141711.374,0,"error":false
757,1783141711.421,0,"error":false
758,1783141711.467,0,"error":false
759,1783141711.514,0,"error":false
760,1783141711.562,0,"error":false
761,1783141711.613,0,"error":false
762,1783141711.658,0,"error":false
763,1783141711.704,0,"error":false
764,1783141711.753,0,"error":false
765,1783141711.798,0,"error":false
766,1783141711.847,0,"error":false
767,1783141711.892,0,"error":false
768,1783141711.940,0,"error":false
769,1783141711.984,0,"error":false
770,1783141712.039,0,"error":false
771,1783141712.083,0,"error":false
772,1783141712.130,0,"error":false
773,1783141712.177,0,"error":false
774,1783141712.223,0,"error":false
775,1783141712.269,0,"error":false
776,1783141712.316,0,"error":false
777,1783141712.362,0,"error":false
778,1783141712.409,0,"error":false
779,1783141712.455,0,"error":false
780,1783141712.499,0,"error":false
781,1783141712.545,0,"error":false
782,1783141712.589,0,"error":false
783,1783141712.637,0,"error":false
784,1783141712.682,0,"error":false
785,1783141712.729,0,"error":false
786,1783141712.777,0,"error":false
787,1783141712.824,0,"error":false
788,1783141712.871,0,"error":false
789,1783141712.923,0,"error":false
790,1783141712.971,0,"error":false
791,1783141713.028,0,"error":false
792,1783141713.075,0,"error":false
793,1783141713.121,0,"error":false
794,1783141713.169,0,"error":false
795,1783141713.219,0,"error":false
796,1783141713.267,0,"error":false
797,1783141713.312,0,"error":false
798,1783141713.359,0,"error":false
799,1783141713.408,0,"error":false
800,1783141713.455,0,"error":false
801,1783141713.503,0,"error":false
802,1783141713.550,0,"error":false
803,1783141713.606,0,"error":false
804,1783141713.655,0,"error":false
805,1783141713.703,0,"error":false
806,1783141713.749,0,"error":false
807,1783141713.796,0,"error":false
808,1783141713.843,0,"error":false
809,1783141713.890,0,"error":false
810,1783141713.939,0,"error":false
811,1783141713.985,0,"error":false
812,1783141714.042,0,"error":false
813,1783141714.090,0,"error":false
814,1783141714.139,0,"error":false
815,1783141714.186,0,"error":false
816,1783141714.236,0,"error":false
817,1783141714.282,0,"error":false
818,1783141714.329,0,"error":false
819,1783141714.381,0,"error":false
820,1783141714.430,0,"error":false
821,1783141714.477,0,"error":false
822,1783141714.525,0,"error":false
823,1783141714.570,0,"error":false
824,1783141714.622,0,"error":false
825,1783141714.668,0,"error":false
826,1783141714.717,0,"error":false
827,1783141714.764,0,"error":false
828,1783141714.816,0,"error":false
829,1783141714.869,0,"error":false
830,1783141714.916,0,"error":false
831,1783141714.963,0,"error":false
832,1783141715.017,0,"error":false
833,1783141715.064,0,"error":false
834,1783141715.109,0,"error":false
835,1783141715.160,0,"error":false
836,1783141715.207,0,"error":false
837,1783141715.253,0,"error":false
838,1783141715.306,0,"error":false
839,1783141715.354,0,"error":false
840,1783141715.407,0,"error":false
841,1783141715.453,0,"error":false
842,1783141715.498,0,"error":false
843,1783141715.548,0,"error":false
844,1783141715.594,0,"error":false
845,1783141715.644,0,"error":false
846,1783141715.690,0,"error":false
847,1783141715.737,0,"error":false
848,1783141715.781,0,"error":false
849,1783141715.827,0,"error":false
850,1783141715.873,0,"error":false
851,1783141715.921,0,"error":false
852,1783141715.968,0,"error":false
853,1783141716.023,0,"error":false
854,1783141716.069,0,"error":false
855,1783141716.116,0,"error":false
856,1783141716.166,0,"error":false
857,1783141716.212,0,"error":false
858,1783141716.262,0,"error":false
859,1783141716.313,0,"error":false
860,1783141716.361,0,"error":false
861,1783141716.407,0,"error":false
862,1783141716.455,0,"error":false
863,1783141716.502,0,"error":false
864,1783141716.553,0,"error":false
865,1783141716.599,0,"error":false
866,1783141716.647,0,"error":false
867,1783141716.694,0,"error":false
868,1783141716.743,0,"error":false
869,1783141716.788,0,"error":false
870,1783141716.835,0,"error":false
871,1783141716.881,0,"error":false
872,1783141716.927,0,"error":false
873,1783141716.974,0,"error":false
874,1783141717.027,0,"error":false
875,1783141717.075,0,"error":false
876,1783141717.120,0,"error":false
877,1783141717.170,0,"error":false
878,1783141717.228,0,"error":false
879,1783141717.274,0,"error":false
880,1783141717.325,0,"error":false
881,1783141717.375,0,"error":false
882,1783141717.421,0,"error":false
883,1783141717.466,0,"error":false
884,1783141717.511,0,"error":false
885,1783141717.558,0,"error":false
886,1783141717.604,0,"error":false
887,1783141717.652,0,"error":false
888,1783141717.700,0,"error":false
889,1783141717.746,0,"error":false
890,1783141717.793,0,"error":false
891,1783141717.840,0,"error":false
892,1783141717.886,0,"error":false
893,1783141717.939,0,"error":false
894,1783141717.986,0,"error":false
895,1783141718.037,0,"error":false
896,1783141718.082,0,"error":false
897,1783141718.140,0,"error":false
898,1783141718.185,0,"error":false
899,1783141718.232,0,"error":false
900,1783141718.279,0,"error":false
901,1783141718.329,0,"error":false
902,1783141718.376,0,"error":false
903,1783141718.423,0,"error":false
904,1783141718.471,0,"error":false
905,1783141718.518,0,"error":false
906,1783141718.565,0,"error":false
907,1783141718.612,0,"error":false
908,1783141718.661,0,"error":false
909,1783141718.707,0,"error":false
910,1783141718.753,0,"error":false
911,1783141718.800,0,"error":false
912,1783141718.846,0,"error":false
913,1783141718.893,0,"error":false
914,1783141718.942,0,"error":false
915,1783141718.993,0,"error":false
916,1783141719.044,0,"error":false
917,1783141719.090,0,"error":false
918,1783141719.136,0,"error":false
919,1783141719.193,0,"error":false
920,1783141719.239,0,"error":false
921,1783141719.286,0,"error":false
922,1783141719.332,0,"error":false
923,1783141719.386,0,"error":false
924,1783141719.434,0,"error":false
925,1783141719.485,0,"error":false
926,1783141719.534,0,"error":false
927,1783141719.585,0,"error":false
928,1783141719.631,0,"error":false
929,1783141719.682,0,"error":false
930,1783141719.730,0,"error":false
931,1783141719.778,0,"error":false
932,1783141719.823,0,"error":false
933,1783141719.869,0,"error":false
934,1783141719.917,0,"error":false
935,1783141719.964,0,"error":false
936,1783141720.018,0,"error":false
937,1783141720.065,0,"error":false
938,1783141720.109,0,"error":false
939,1783141720.166,0,"error":false
940,1783141720.214,0,"error":false
941,1783141720.261,0,"error":false
942,1783141720.310,0,"error":false
943,1783141720.357,0,"error":false
944,1783141720.408,0,"error":false
945,1783141720.457,0,"error":false
946,1783141720.504,0,"error":false
947,1783141720.549,0,"error":false
948,1783141720.595,0,"error":false
949,1783141720.639,0,"error":false
950,1783141720.685,0,"error":false
951,1783141720.732,0,"error":false
952,1783141720.778,0,"error":false
953,1783141720.828,0,"error":false
954,1783141720.875,0,"error":false
955,1783141720.921,0,"error":false
956,1783141720.970,0,"error":false
957,1783141721.028,0,"error":false
958,1783141721.077,0,"error":false
959,1783141721.125,0,"error":false
960,1783141721.172,0,"error":false
961,1783141721.219,0,"error":false
962,1783141721.270,0,"error":false
963,1783141721.317,0,"error":false
964,1783141721.365,0,"error":false
965,1783141721.409,0,"error":false
966,1783141721.460,0,"error":false
967,1783141721.505,0,"error":false
968,1783141721.551,0,"error":false
969,1783141721.597,0,"error":false
970,1783141721.644,0,"error":false
971,1783141721.689,0,"error":false
972,1783141721.735,0,"error":false
973,1783141721.781,0,"error":false
974,1783141721.827,0,"error":false
975,1783141721.872,0,"error":false
976,1783141721.918,0,"error":false
977,1783141721.966,0,"error":false
978,1783141722.017,0,"error":false
979,1783141722.066,0,"error":false
980,1783141722.112,0,"error":false
981,1783141722.158,0,"error":false
982,1783141722.203,0,"error":false
983,1783141722.249,0,"error":false
984,1783141722.295,0,"error":false
985,1783141722.343,0,"error":false
986,1783141722.391,0,"error":false
987,1783141722.438,0,"error":false
988,1783141722.485,0,"error":false
989,1783141722.535,0,"error":false
990,1783141722.582,0,"error":false
991,1783141722.639,0,"error":false
992,1783141722.687,0,"error":false
993,1783141722.733,0,"error":false
994,1783141722.781,0,"error":false
995,1783141722.828,0,"error":false
996,1783141722.877,0,"error":false
997,1783141722.922,0,"error":false
998,1783141722.970,0,"error":false
999,1783141723.028,0,"error":false
1000,1783141723.957,28,
1001,1783141728.985,28,
1002,1783141734.018,28,
1003,1783141739.044,28,
1004,1783141744.066,28,
1005,1783141749.089,28,
1006,1783141754.112,0,"error":false
1007,1783141755.074,0,"error":false
1008,1783141755.117,0,"error":false
1009,1783141755.164,0,"error":false
1010,1783141755.209,0,"error":false
1011,1783141755.264,0,"error":false
1012,1783141755.311,0,"error":false
1013,1783141755.366,0,"error":false
1014,1783141755.414,0,"error":false
1015,1783141755.459,0,"error":false
1016,1783141755.504,0,"error":false
1017,1783141755.549,0,"error":false
1018,1783141755.596,0,"error":false
1019,1783141755.647,0,"error":false
1020,1783141755.692,0,"error":false
1021,1783141755.740,0,"error":false
1022,1783141755.787,0,"error":false
1023,1783141755.830,0,"error":false
1024,1783141755.880,0,"error":false
1025,1783141755.923,0,"error":false
1026,1783141755.968,0,"error":false
1027,1783141756.015,0,"error":false
1028,1783141756.058,0,"error":false
1029,1783141756.106,0,"error":false
1030,1783141756.150,0,"error":false
1031,1783141756.204,0,"error":false
1032,1783141756.249,0,"error":false
1033,1783141756.294,0,"error":false
1034,1783141756.341,0,"error":false
1035,1783141756.387,0,"error":false
1036,1783141756.432,0,"error":false
1037,1783141756.477,0,"error":false
1038,1783141756.523,0,"error":false
1039,1783141756.569,0,"error":false
1040,1783141756.615,0,"error":false
1041,1783141756.662,0,"error":false
1042,1783141756.707,0,"error":false
1043,1783141756.750,0,"error":false
1044,1783141756.793,0,"error":false
1045,1783141756.837,0,"error":false
1046,1783141756.883,0,"error":false
1047,1783141756.928,0,"error":false
1048,1783141756.972,0,"error":false
1049,1783141757.034,0,"error":false
1050,1783141757.076,0,"error":false
1051,1783141757.120,0,"error":false
1052,1783141757.164,0,"error":false
1053,1783141757.208,0,"error":false
1054,1783141757.252,0,"error":false
1055,1783141757.296,0,"error":false
1056,1783141757.339,0,"error":false
1057,1783141757.385,0,"error":false
1058,1783141757.430,0,"error":false
1059,1783141757.476,0,"error":false
1060,1783141757.521,0,"error":false
1061,1783141757.566,0,"error":false
1062,1783141757.611,0,"error":false
1063,1783141757.657,0,"error":false
1064,1783141757.702,0,"error":false
1065,1783141757.746,0,"error":false
1066,1783141757.790,0,"error":false
1067,1783141757.832,0,"error":false
1068,1783141757.877,0,"error":false
1069,1783141757.921,0,"error":false
1070,1783141757.964,0,"error":false
1071,1783141758.015,0,"error":false
1072,1783141758.061,0,"error":false
1073,1783141758.104,0,"error":false
1074,1783141758.148,0,"error":false
1075,1783141758.192,0,"error":false
1076,1783141758.237,0,"error":false
1077,1783141758.292,0,"error":false
1078,1783141758.334,0,"error":false
1079,1783141758.379,0,"error":false
1080,1783141758.423,0,"error":false
1081,1783141758.469,0,"error":false
1082,1783141758.513,0,"error":false
1083,1783141758.557,0,"error":false
1084,1783141758.602,0,"error":false
1085,1783141758.645,0,"error":false
1086,1783141758.689,0,"error":false
1087,1783141758.734,0,"error":false
1088,1783141758.779,0,"error":false
1089,1783141758.822,0,"error":false
1090,1783141758.866,0,"error":false
1091,1783141758.921,0,"error":false
1092,1783141758.966,0,"error":false
1093,1783141759.016,0,"error":false
1094,1783141759.059,0,"error":false
1095,1783141759.103,0,"error":false
1096,1783141759.147,0,"error":false
1097,1783141759.191,0,"error":false
1098,1783141759.233,0,"error":false
1099,1783141759.276,0,"error":false
1100,1783141759.319,0,"error":false
1101,1783141759.363,0,"error":false
1102,1783141759.408,0,"error":false
1103,1783141759.451,0,"error":false
1104,1783141759.494,0,"error":false
1105,1783141759.538,0,"error":false
1106,1783141759.584,0,"error":false
1107,1783141759.631,0,"error":false
1108,1783141759.677,0,"error":false
1109,1783141759.725,0,"error":false
1110,1783141759.769,0,"error":false
1111,1783141759.815,0,"error":false
1112,1783141759.859,0,"error":false
1113,1783141759.903,0,"error":false
1114,1783141759.946,0,"error":false
1115,1783141759.990,0,"error":false
1116,1783141760.040,0,"error":false
1117,1783141760.083,0,"error":false
1118,1783141760.128,0,"error":false
1119,1783141760.171,0,"error":false
1120,1783141760.217,0,"error":false
1121,1783141760.261,0,"error":false
1122,1783141760.308,0,"error":false
1123,1783141760.353,0,"error":false
1124,1783141760.397,0,"error":false
1125,1783141760.443,0,"error":false
1126,1783141760.488,0,"error":false
1127,1783141760.532,0,"error":false
1128,1783141760.578,0,"error":false
1129,1783141760.624,0,"error":false
1130,1783141760.668,0,"error":false
1131,1783141760.712,0,"error":false
1132,1783141760.755,0,"error":false
1133,1783141760.799,0,"error":false
1134,1783141760.842,0,"error":false
1135,1783141760.884,0,"error":false
1136,1783141760.932,0,"error":false
1137,1783141760.978,0,"error":false
1138,1783141761.033,0,"error":false
1139,1783141761.079,0,"error":false
1140,1783141761.123,0,"error":false
1141,1783141761.169,0,"error":false
1142,1783141761.214,0,"error":false
1143,1783141761.258,0,"error":false
1144,1783141761.302,0,"error":false
1145,1783141761.346,0,"error":false
1146,1783141761.389,0,"error":false
1147,1783141761.435,0,"error":false
1148,1783141761.479,0,"error":false
1149,1783141761.522,0,"error":false
1150,1783141761.567,0,"error":false
1151,1783141761.611,0,"error":false
1152,1783141761.658,0,"error":false
1153,1783141761.701,0,"error":false
1154,1783141761.744,0,"error":false
1155,1783141761.787,0,"error":false
1156,1783141761.831,0,"error":false
1157,1783141761.874,0,"error":false
1158,1783141761.919,0,"error":false
1159,1783141761.962,0,"error":false
1160,1783141762.014,0,"error":false
1161,1783141762.057,0,"error":false
1162,1783141762.102,0,"error":false
1163,1783141762.145,0,"error":false
1164,1783141762.189,0,"error":false
1165,1783141762.235,0,"error":false
1166,1783141762.280,0,"error":false
1167,1783141762.325,0,"error":false
1168,1783141762.369,0,"error":false
1169,1783141762.418,0,"error":false
1170,1783141762.461,0,"error":false
1171,1783141762.504,0,"error":false
1172,1783141762.548,0,"error":false
1173,1783141762.592,0,"error":false
1174,1783141762.638,0,"error":false
1175,1783141762.683,0,"error":false
1176,1783141762.727,0,"error":false
1177,1783141762.772,0,"error":false
1178,1783141762.816,0,"error":false
1179,1783141762.859,0,"error":false
1180,1783141762.903,0,"error":false
1181,1783141762.949,0,"error":false
1182,1783141762.992,0,"error":false
1183,1783141763.045,0,"error":false
1184,1783141763.090,0,"error":false
1185,1783141763.135,0,"error":false
1186,1783141763.180,0,"error":false
1187,1783141763.223,0,"error":false
1188,1783141763.266,0,"error":false
1189,1783141763.312,0,"error":false
1190,1783141763.358,0,"error":false
1191,1783141763.403,0,"error":false
1192,1783141763.449,0,"error":false
1193,1783141763.492,0,"error":false
1194,1783141763.534,0,"error":false
1195,1783141763.578,0,"error":false
1196,1783141763.623,0,"error":false
1197,1783141763.671,0,"error":false
1198,1783141763.715,0,"error":false
1199,1783141763.759,0,"error":false
1200,1783141763.805,0,"error":false
1201,1783141763.849,0,"error":false
1202,1783141763.893,0,"error":false
1203,1783141763.936,0,"error":false
1204,1783141763.978,0,"error":false
1205,1783141764.031,0,"error":false
1206,1783141764.076,0,"error":false
1207,1783141764.120,0,"error":false
1208,1783141764.163,0,"error":false
1209,1783141764.207,0,"error":false
1210,1783141764.251,0,"error":false
1211,1783141764.294,0,"error":false
1212,1783141764.339,0,"error":false
1213,1783141764.386,0,"error":false
1214,1783141764.431,0,"error":false
1215,1783141764.476,0,"error":false
1216,1783141764.522,0,"error":false
1217,1783141764.569,0,"error":false
1218,1783141764.616,0,"error":false
1219,1783141764.672,0,"error":false
1220,1783141764.718,0,"error":false
1221,1783141764.762,0,"error":false
1222,1783141764.807,0,"error":false
1223,1783141764.853,0,"error":false
1224,1783141764.897,0,"error":false
1225,1783141764.941,0,"error":false
1226,1783141764.984,0,"error":false
1227,1783141765.034,0,"error":false
1228,1783141765.079,0,"error":false
1229,1783141765.124,0,"error":false
1230,1783141765.169,0,"error":false
1231,1783141765.212,0,"error":false
1232,1783141765.257,0,"error":false
1233,1783141765.304,0,"error":false
1234,1783141765.347,0,"error":false
1235,1783141765.393,0,"error":false
1236,1783141765.437,0,"error":false
1237,1783141765.481,0,"error":false
1238,1783141765.526,0,"error":false
1239,1783141765.569,0,"error":false
1240,1783141765.612,0,"error":false
1241,1783141765.657,0,"error":false
1242,1783141765.701,0,"error":false
1243,1783141765.743,0,"error":false
1244,1783141765.791,0,"error":false
1245,1783141765.835,0,"error":false
1246,1783141765.880,0,"error":false
1247,1783141765.924,0,"error":false
1248,1783141765.966,0,"error":false
1249,1783141766.016,0,"error":false
1250,1783141766.058,0,"error":false
1251,1783141766.103,0,"error":false
1252,1783141766.159,0,"error":false
1253,1783141766.206,0,"error":false
1254,1783141766.250,0,"error":false
1255,1783141766.295,0,"error":false
1256,1783141766.339,0,"error":false
1257,1783141766.384,0,"error":false
1258,1783141766.427,0,"error":false
1259,1783141766.470,0,"error":false
1260,1783141766.514,0,"error":false
1261,1783141766.557,0,"error":false
1262,1783141766.601,0,"error":false
1263,1783141766.648,0,"error":false
1264,1783141766.695,0,"error":false
1265,1783141766.740,0,"error":false
1266,1783141766.784,0,"error":false
1267,1783141766.829,0,"error":false
1268,1783141766.874,0,"error":false
1269,1783141766.920,0,"error":false
1270,1783141766.966,0,"error":false
1271,1783141767.016,0,"error":false
1272,1783141767.059,0,"error":false
1273,1783141767.106,0,"error":false
1274,1783141767.161,0,"error":false
1275,1783141767.205,0,"error":false
1276,1783141767.249,0,"error":false
1277,1783141767.296,0,"error":false
1278,1783141767.341,0,"error":false
1279,1783141767.385,0,"error":false
1280,1783141767.431,0,"error":false
1281,1783141767.475,0,"error":false
1282,1783141767.519,0,"error":false
1283,1783141767.563,0,"error":false
1284,1783141767.607,0,"error":false
1285,1783141767.652,0,"error":false
1286,1783141767.697,0,"error":false
1287,1783141767.742,0,"error":false
1288,1783141767.786,0,"error":false
1289,1783141767.829,0,"error":false
1290,1783141767.872,0,"error":false
1291,1783141767.916,0,"error":false
1292,1783141767.957,0,"error":false
1293,1783141768.009,0,"error":false
1294,1783141768.053,0,"error":false
1295,1783141768.098,0,"error":false
1296,1783141768.142,0,"error":false
1297,1783141768.186,0,"error":false
1298,1783141768.231,0,"error":false
1299,1783141768.274,0,"error":false
1300,1783141768.317,0,"error":false
1301,1783141768.361,0,"error":false
1302,1783141768.407,0,"error":false
1303,1783141768.450,0,"error":false
1304,1783141768.495,0,"error":false
1305,1783141768.539,0,"error":false
1306,1783141768.582,0,"error":false
1307,1783141768.627,0,"error":false
1308,1783141768.672,0,"error":false
1309,1783141768.715,0,"error":false
1310,1783141768.758,0,"error":false
1311,1783141768.802,0,"error":false
1312,1783141768.847,0,"error":false
1313,1783141768.892,0,"error":false
1314,1783141768.937,0,"error":false
1315,1783141768.982,0,"error":false
1316,1783141769.035,0,"error":false
1317,1783141769.079,0,"error":false
1318,1783141769.124,0,"error":false
1319,1783141769.166,0,"error":false
1320,1783141769.212,0,"error":false
1321,1783141769.255,0,"error":false
1322,1783141769.298,0,"error":false
1323,1783141769.342,0,"error":false
1324,1783141769.388,0,"error":false
1325,1783141769.433,0,"error":false
1326,1783141769.476,0,"error":false
1327,1783141769.518,0,"error":false
1328,1783141769.563,0,"error":false
1329,1783141769.608,0,"error":false
1330,1783141769.654,0,"error":false
1331,1783141769.701,0,"error":false
1332,1783141769.748,0,"error":false
1333,1783141769.793,0,"error":false
1334,1783141769.838,0,"error":false
1335,1783141769.882,0,"error":false
1336,1783141769.926,0,"error":false
1337,1783141769.969,0,"error":false
1338,1783141770.023,0,"error":false
1339,1783141770.068,0,"error":false
1340,1783141770.116,0,"error":false
1341,1783141770.161,0,"error":false
1342,1783141770.209,0,"error":false
1343,1783141770.255,0,"error":false
1344,1783141770.302,0,"error":false
1345,1783141770.349,0,"error":false
1346,1783141770.393,0,"error":false
1347,1783141770.439,0,"error":false
1348,1783141770.483,0,"error":false
1349,1783141770.540,0,"error":false
1350,1783141770.582,0,"error":false
1351,1783141770.627,0,"error":false
1352,1783141770.674,0,"error":false
1353,1783141770.720,0,"error":false
1354,1783141770.764,0,"error":false
1355,1783141770.808,0,"error":false
1356,1783141770.853,0,"error":false
1357,1783141770.897,0,"error":false
1358,1783141770.942,0,"error":false
1359,1783141770.987,0,"error":false
1360,1783141771.040,0,"error":false
1361,1783141771.084,0,"error":false
1362,1783141771.129,0,"error":false
1363,1783141771.176,0,"error":false
1364,1783141771.222,0,"error":false
1365,1783141771.267,0,"error":false
1366,1783141771.312,0,"error":false
1367,1783141771.361,0,"error":false
1368,1783141771.410,0,"error":false
1369,1783141771.454,0,"error":false
1370,1783141771.498,0,"error":false
1371,1783141771.544,0,"error":false
1372,1783141771.587,0,"error":false
1373,1783141771.640,0,"error":false
1374,1783141771.691,0,"error":false
1375,1783141771.736,0,"error":false
1376,1783141771.782,0,"error":false
1377,1783141771.825,0,"error":false
1378,1783141771.869,0,"error":false
1379,1783141771.918,0,"error":false
1380,1783141771.962,0,"error":false
1381,1783141772.017,0,"error":false
1382,1783141772.060,0,"error":false
1383,1783141772.105,0,"error":false
1384,1783141772.152,0,"error":false
1385,1783141772.201,0,"error":false
1386,1783141772.245,0,"error":false
1387,1783141772.322,0,"error":false
1388,1783141772.369,0,"error":false
1389,1783141772.417,0,"error":false
1390,1783141772.462,0,"error":false
1391,1783141772.506,0,"error":false
1392,1783141772.552,0,"error":false
1393,1783141772.599,0,"error":false
1394,1783141772.644,0,"error":false
1395,1783141772.690,0,"error":false
1396,1783141772.735,0,"error":false
1397,1783141772.778,0,"error":false
1398,1783141772.823,0,"error":false
1399,1783141772.867,0,"error":false
1400,1783141772.914,0,"error":false
1401,1783141772.958,0,"error":false
1402,1783141773.013,0,"error":false
1403,1783141773.056,0,"error":false
1404,1783141773.100,0,"error":false
1405,1783141773.144,0,"error":false
1406,1783141773.188,0,"error":false
1407,1783141773.231,0,"error":false
1408,1783141773.274,0,"error":false
1409,1783141773.318,0,"error":false
1410,1783141773.362,0,"error":false
1411,1783141773.409,0,"error":false
1412,1783141773.453,0,"error":false
1413,1783141773.497,0,"error":false
1414,1783141773.539,0,"error":false
1415,1783141773.583,0,"error":false
1416,1783141773.628,0,"error":false
1417,1783141773.674,0,"error":false
1418,1783141773.719,0,"error":false
1419,1783141773.762,0,"error":false
1420,1783141773.806,0,"error":false
1421,1783141773.851,0,"error":false
1422,1783141773.894,0,"error":false
1423,1783141773.939,0,"error":false
1424,1783141773.982,0,"error":false
1425,1783141774.036,0,"error":false
1426,1783141774.079,0,"error":false
1427,1783141774.129,0,"error":false
1428,1783141774.178,0,"error":false
1429,1783141774.227,0,"error":false
1430,1783141774.272,0,"error":false
1431,1783141774.316,0,"error":false
1432,1783141774.361,0,"error":false
1433,1783141774.404,0,"error":false
1434,1783141774.448,0,"error":false
1435,1783141774.491,0,"error":false
1436,1783141774.534,0,"error":false
1437,1783141774.578,0,"error":false
1438,1783141774.624,0,"error":false
1439,1783141774.670,0,"error":false
1440,1783141774.715,0,"error":false
1441,1783141774.761,0,"error":false
1442,1783141774.805,0,"error":false
1443,1783141774.853,0,"error":false
1444,1783141774.896,0,"error":false
1445,1783141774.940,0,"error":false
1446,1783141774.983,0,"error":false
1447,1783141775.036,0,"error":false
1448,1783141775.078,0,"error":false
1449,1783141775.125,0,"error":false
1450,1783141775.171,0,"error":false
1451,1783141775.216,0,"error":false
1452,1783141775.261,0,"error":false
1453,1783141775.308,0,"error":false
1454,1783141775.353,0,"error":false
1455,1783141775.398,0,"error":false
1456,1783141775.442,0,"error":false
1457,1783141775.487,0,"error":false
1458,1783141775.534,0,"error":false
1459,1783141775.578,0,"error":false
1460,1783141775.622,0,"error":false
1461,1783141775.670,0,"error":false
1462,1783141775.715,0,"error":false
1463,1783141775.759,0,"error":false
1464,1783141775.802,0,"error":false
1465,1783141775.846,0,"error":false
1466,1783141775.892,0,"error":false
1467,1783141775.943,0,"error":false
1468,1783141775.986,0,"error":false
1469,1783141776.039,0,"error":false
1470,1783141776.087,0,"error":false
1471,1783141776.136,0,"error":false
1472,1783141776.180,0,"error":false
1473,1783141776.229,0,"error":false
1474,1783141776.279,0,"error":false
1475,1783141776.325,0,"error":false
1476,1783141776.373,0,"error":false
1477,1783141776.417,0,"error":false
1478,1783141776.463,0,"error":false
1479,1783141776.507,0,"error":false
1480,1783141776.552,0,"error":false
1481,1783141776.596,0,"error":false
1482,1783141776.643,0,"error":false
1483,1783141776.688,0,"error":false
1484,1783141776.733,0,"error":false
1485,1783141776.779,0,"error":false
1486,1783141776.826,0,"error":false
1487,1783141776.869,0,"error":false
1488,1783141776.914,0,"error":false
1489,1783141776.960,0,"error":false
1490,1783141777.013,0,"error":false
1491,1783141777.057,0,"error":false
1492,1783141777.102,0,"error":false
1493,1783141777.147,0,"error":false
1494,1783141777.190,0,"error":false
1495,1783141777.236,0,"error":false
1496,1783141777.283,0,"error":false
1497,1783141777.325,0,"error":false
1498,1783141777.371,0,"error":false
1499,1783141777.415,0,"error":false
1500,1783141777.460,0,"error":false
1501,1783141777.502,0,"error":false
1502,1783141777.549,0,"error":false
1503,1783141777.591,0,"error":false
1504,1783141777.636,0,"error":false
1505,1783141777.682,0,"error":false
1506,1783141777.726,0,"error":false
1507,1783141777.768,0,"error":false
1508,1783141777.812,0,"error":false
1509,1783141777.856,0,"error":false
1510,1783141777.900,0,"error":false
1511,1783141777.949,0,"error":false
1512,1783141778.002,0,"error":false
1513,1783141778.044,0,"error":false
1514,1783141778.087,0,"error":false
1515,1783141778.141,0,"error":false
1516,1783141778.185,0,"error":false
1517,1783141778.233,0,"error":false
1518,1783141778.276,0,"error":false
1519,1783141778.320,0,"error":false
1520,1783141778.365,0,"error":false
1521,1783141778.408,0,"error":false
1522,1783141778.452,0,"error":false
1523,1783141778.495,0,"error":false
1524,1783141778.538,0,"error":false
1525,1783141778.582,0,"error":false
1526,1783141778.626,0,"error":false
1527,1783141778.670,0,"error":false
1528,1783141778.714,0,"error":false
1529,1783141778.757,0,"error":false
1530,1783141778.800,0,"error":false
1531,1783141778.844,0,"error":false
1532,1783141778.888,0,"error":false
1533,1783141778.932,0,"error":false
1534,1783141778.978,0,"error":false
1535,1783141779.030,0,"error":false
1536,1783141779.073,0,"error":false
1537,1783141779.117,0,"error":false
1538,1783141779.161,0,"error":false
1539,1783141779.205,0,"error":false
1540,1783141779.250,0,"error":false
1541,1783141779.294,0,"error":false
1542,1783141779.341,0,"error":false
1543,1783141779.386,0,"error":false
1544,1783141779.430,0,"error":false
1545,1783141779.475,0,"error":false
1546,1783141779.518,0,"error":false
1547,1783141779.563,0,"error":false
1548,1783141779.606,0,"error":false
1549,1783141779.653,0,"error":false
1550,1783141779.701,0,"error":false
1551,1783141779.746,0,"error":false
1552,1783141779.790,0,"error":false
1553,1783141779.835,0,"error":false
1554,1783141779.877,0,"error":false
1555,1783141779.923,0,"error":false
1556,1783141779.966,0,"error":false
1557,1783141780.016,0,"error":false
1558,1783141780.061,0,"error":false
1559,1783141780.103,0,"error":false
1560,1783141780.148,0,"error":false
1561,1783141780.191,0,"error":false
1562,1783141780.235,0,"error":false
1563,1783141780.279,0,"error":false
1564,1783141780.325,0,"error":false
1565,1783141780.369,0,"error":false
1566,1783141780.414,0,"error":false
1567,1783141780.459,0,"error":false
1568,1783141780.501,0,"error":false
1569,1783141780.548,0,"error":false
1570,1783141780.591,0,"error":false
1571,1783141780.636,0,"error":false
1572,1783141780.681,0,"error":false
1573,1783141780.727,0,"error":false
1574,1783141780.771,0,"error":false
1575,1783141780.814,0,"error":false
1576,1783141780.858,0,"error":false
1577,1783141780.903,0,"error":false
1578,1783141780.946,0,"error":false
1579,1783141780.990,0,"error":false
1580,1783141781.039,0,"error":false
1581,1783141781.084,0,"error":false
1582,1783141781.131,0,"error":false
1583,1783141781.173,0,"error":false
1584,1783141781.216,0,"error":false
1585,1783141781.260,0,"error":false
1586,1783141781.304,0,"error":false
1587,1783141781.350,0,"error":false
1588,1783141781.395,0,"error":false
1589,1783141781.442,0,"error":false
1590,1783141781.486,0,"error":false
1591,1783141781.529,0,"error":false
1592,1783141781.572,0,"error":false
1593,1783141781.615,0,"error":false
1594,1783141781.661,0,"error":false
1595,1783141781.706,0,"error":false
1596,1783141781.750,0,"error":false
1597,1783141781.793,0,"error":false
1598,1783141781.836,0,"error":false
1599,1783141781.889,0,"error":false
1600,1783141781.934,0,"error":false
1601,1783141781.976,0,"error":false
1602,1783141782.025,0,"error":false
1603,1783141782.068,0,"error":false
1604,1783141782.111,0,"error":false
1605,1783141782.155,0,"error":false
1606,1783141782.198,0,"error":false
1607,1783141782.241,0,"error":false
1608,1783141782.283,0,"error":false
1609,1783141782.328,0,"error":false
1610,1783141782.372,0,"error":false
1611,1783141782.416,0,"error":false
1612,1783141782.461,0,"error":false
1613,1783141782.504,0,"error":false
1614,1783141782.549,0,"error":false
1615,1783141782.592,0,"error":false
1616,1783141782.637,0,"error":false
1617,1783141782.681,0,"error":false
1618,1783141782.725,0,"error":false
1619,1783141782.768,0,"error":false
1620,1783141782.812,0,"error":false
1621,1783141782.855,0,"error":false
1622,1783141782.899,0,"error":false
1623,1783141782.943,0,"error":false
1624,1783141782.987,0,"error":false
1625,1783141783.037,0,"error":false
1626,1783141783.081,0,"error":false
1627,1783141783.125,0,"error":false
1628,1783141783.170,0,"error":false
1629,1783141783.214,0,"error":false
1630,1783141783.257,0,"error":false
1631,1783141783.301,0,"error":false
1632,1783141783.346,0,"error":false
1633,1783141783.392,0,"error":false
1634,1783141783.437,0,"error":false
1635,1783141783.480,0,"error":false
1636,1783141783.522,0,"error":false
1637,1783141783.564,0,"error":false
1638,1783141783.608,0,"error":false
1639,1783141783.655,0,"error":false
1640,1783141783.699,0,"error":false
1641,1783141783.741,0,"error":false
1642,1783141783.784,0,"error":false
1643,1783141783.829,0,"error":false
1644,1783141783.873,0,"error":false
1645,1783141783.916,0,"error":false
1646,1783141783.960,0,"error":false
1647,1783141784.010,0,"error":false
1648,1783141784.053,0,"error":false
1649,1783141784.097,0,"error":false
1650,1783141784.142,0,"error":false
1651,1783141784.186,0,"error":false
1652,1783141784.229,0,"error":false
1653,1783141784.272,0,"error":false
1654,1783141784.317,0,"error":false
1655,1783141784.363,0,"error":false
1656,1783141784.406,0,"error":false
1657,1783141784.451,0,"error":false
1658,1783141784.495,0,"error":false
1659,1783141784.538,0,"error":false
1660,1783141784.582,0,"error":false
1661,1783141784.627,0,"error":false
1662,1783141784.671,0,"error":false
1663,1783141784.715,0,"error":false
1664,1783141784.759,0,"error":false
1665,1783141784.802,0,"error":false
1666,1783141784.849,0,"error":false
1667,1783141784.894,0,"error":false
1668,1783141784.937,0,"error":false
1669,1783141784.980,0,"error":false
1670,1783141785.032,0,"error":false
1671,1783141785.076,0,"error":false
1672,1783141785.120,0,"error":false
1673,1783141785.167,0,"error":false
1674,1783141785.211,0,"error":false
1675,1783141785.255,0,"error":false
1676,1783141785.299,0,"error":false
1677,1783141785.343,0,"error":false
1678,1783141785.389,0,"error":false
1679,1783141785.433,0,"error":false
1680,1783141785.477,0,"error":false
1681,1783141785.519,0,"error":false
1682,1783141785.564,0,"error":false
1683,1783141785.608,0,"error":false
1684,1783141785.655,0,"error":false
1685,1783141785.701,0,"error":false
1686,1783141785.745,0,"error":false
1687,1783141785.788,0,"error":false
1688,1783141785.830,0,"error":false
1689,1783141785.873,0,"error":false
1690,1783141785.916,0,"error":false
1691,1783141785.960,0,"error":false
1692,1783141786.013,0,"error":false
1693,1783141786.058,0,"error":false
1694,1783141786.103,0,"error":false
1695,1783141786.147,0,"error":false
1696,1783141786.190,0,"error":false
1697,1783141786.234,0,"error":false
1698,1783141786.279,0,"error":false
1699,1783141786.323,0,"error":false
1700,1783141786.369,0,"error":false
1701,1783141786.411,0,"error":false
1702,1783141786.457,0,"error":false
1703,1783141786.501,0,"error":false
1704,1783141786.546,0,"error":false
1705,1783141786.589,0,"error":false
1706,1783141786.633,0,"error":false
1707,1783141786.680,0,"error":false
1708,1783141786.723,0,"error":false
1709,1783141786.770,0,"error":false
1710,1783141786.816,0,"error":false
1711,1783141786.861,0,"error":false
1712,1783141786.905,0,"error":false
1713,1783141786.950,0,"error":false
1714,1783141787.002,0,"error":false
1715,1783141787.048,0,"error":false
1716,1783141787.094,0,"error":false
1717,1783141787.139,0,"error":false
1718,1783141787.182,0,"error":false
1719,1783141787.227,0,"error":false
1720,1783141787.271,0,"error":false
1721,1783141787.315,0,"error":false
1722,1783141787.361,0,"error":false
1723,1783141787.403,0,"error":false
1724,1783141787.448,0,"error":false
1725,1783141787.491,0,"error":false
1726,1783141787.535,0,"error":false
1727,1783141787.580,0,"error":false
1728,1783141787.624,0,"error":false
1729,1783141787.669,0,"error":false
1730,1783141787.714,0,"error":false
1731,1783141787.760,0,"error":false
1732,1783141787.803,0,"error":false
1733,1783141787.848,0,"error":false
1734,1783141787.891,0,"error":false
1735,1783141787.934,0,"error":false
1736,1783141787.978,0,"error":false
1737,1783141788.027,0,"error":false
1738,1783141788.075,0,"error":false
1739,1783141788.122,0,"error":false
1740,1783141788.168,0,"error":false
1741,1783141788.210,0,"error":false
1742,1783141788.254,0,"error":false
1743,1783141788.297,0,"error":false
1744,1783141788.340,0,"error":false
1745,1783141788.385,0,"error":false
1746,1783141788.427,0,"error":false
1747,1783141788.471,0,"error":false
1748,1783141788.515,0,"error":false
1749,1783141788.561,0,"error":false
1750,1783141788.604,0,"error":false
1751,1783141788.649,0,"error":false
1752,1783141788.693,0,"error":false
1753,1783141788.735,0,"error":false
1754,1783141788.779,0,"error":false
1755,1783141788.821,0,"error":false
1756,1783141788.866,0,"error":false
1757,1783141788.910,0,"error":false
1758,1783141788.956,0,"error":false
1759,1783141789.011,0,"error":false
1760,1783141789.064,0,"error":false
1761,1783141789.116,0,"error":false
1762,1783141789.168,0,"error":false
1763,1783141789.218,0,"error":false
1764,1783141789.273,0,"error":false
1765,1783141789.324,0,"error":false
1766,1783141789.375,0,"error":false
1767,1783141789.425,0,"error":false
1768,1783141789.477,0,"error":false
1769,1783141789.525,0,"error":false
1770,1783141789.578,0,"error":false
1771,1783141789.626,0,"error":false
1772,1783141789.682,0,"error":false
1773,1783141789.729,0,"error":false
1774,1783141789.777,0,"error":false
1775,1783141789.821,0,"error":false
1776,1783141789.867,0,"error":false
1777,1783141789.910,0,"error":false
1778,1783141789.955,0,"error":false
1779,1783141790.009,0,"error":false
1780,1783141790.053,0,"error":false
1781,1783141790.097,0,"error":false
1782,1783141790.140,0,"error":false
1783,1783141790.184,0,"error":false
1784,1783141790.228,0,"error":false
1785,1783141790.273,0,"error":false
1786,1783141790.316,0,"error":false
1787,1783141790.360,0,"error":false
1788,1783141790.402,0,"error":false
1789,1783141790.446,0,"error":false
1790,1783141790.490,0,"error":false
1791,1783141790.534,0,"error":false
1792,1783141790.581,0,"error":false
1793,1783141790.625,0,"error":false
1794,1783141790.670,0,"error":false
1795,1783141790.713,0,"error":false
1796,1783141790.757,0,"error":false
1797,1783141790.802,0,"error":false
1798,1783141790.846,0,"error":false
1799,1783141790.889,0,"error":false
1800,1783141790.933,0,"error":false
1801,1783141790.976,0,"error":false
1802,1783141791.025,0,"error":false
1803,1783141791.068,0,"error":false
1804,1783141791.111,0,"error":false
1805,1783141791.153,0,"error":false
1806,1783141791.196,0,"error":false
1807,1783141791.239,0,"error":false
1808,1783141791.281,0,"error":false
1809,1783141791.325,0,"error":false
1810,1783141791.369,0,"error":false
1811,1783141791.414,0,"error":false
1812,1783141791.457,0,"error":false
1813,1783141791.500,0,"error":false
1814,1783141791.543,0,"error":false
1815,1783141791.589,0,"error":false
1816,1783141791.630,0,"error":false
1817,1783141791.674,0,"error":false
1818,1783141791.718,0,"error":false
1819,1783141791.761,0,"error":false
1820,1783141791.805,0,"error":false
1821,1783141791.849,0,"error":false
1822,1783141791.893,0,"error":false
1823,1783141791.936,0,"error":false
1824,1783141791.979,0,"error":false
1825,1783141792.032,0,"error":false
1826,1783141792.077,0,"error":false
1827,1783141792.120,0,"error":false
1828,1783141792.165,0,"error":false
1829,1783141792.208,0,"error":false
1830,1783141792.251,0,"error":false
1831,1783141792.293,0,"error":false
1832,1783141792.339,0,"error":false
1833,1783141792.385,0,"error":false
1834,1783141792.428,0,"error":false
1835,1783141792.473,0,"error":false
1836,1783141792.516,0,"error":false
1837,1783141792.560,0,"error":false
1838,1783141792.602,0,"error":false
1839,1783141792.647,0,"error":false
1840,1783141792.692,0,"error":false
1841,1783141792.736,0,"error":false
1842,1783141792.781,0,"error":false
1843,1783141792.824,0,"error":false
1844,1783141792.870,0,"error":false
1845,1783141792.913,0,"error":false
1846,1783141792.957,0,"error":false
1847,1783141793.010,0,"error":false
1848,1783141793.052,0,"error":false
1849,1783141793.097,0,"error":false
1850,1783141793.140,0,"error":false
1851,1783141793.184,0,"error":false
1852,1783141793.227,0,"error":false
1853,1783141793.272,0,"error":false
1854,1783141793.317,0,"error":false
1855,1783141793.359,0,"error":false
1856,1783141793.407,0,"error":false
1857,1783141793.451,0,"error":false
1858,1783141793.495,0,"error":false
1859,1783141793.537,0,"error":false
1860,1783141793.593,0,"error":false
1861,1783141793.638,0,"error":false
1862,1783141793.684,0,"error":false
1863,1783141793.730,0,"error":false
1864,1783141793.773,0,"error":false
1865,1783141793.815,0,"error":false
1866,1783141793.860,0,"error":false
1867,1783141793.904,0,"error":false
1868,1783141793.948,0,"error":false
1869,1783141794.002,0,"error":false
1870,1783141794.045,0,"error":false
1871,1783141794.089,0,"error":false
1872,1783141794.132,0,"error":false
1873,1783141794.177,0,"error":false
1874,1783141794.220,0,"error":false
1875,1783141794.263,0,"error":false
1876,1783141794.305,0,"error":false
1877,1783141794.349,0,"error":false
1878,1783141794.395,0,"error":false
1879,1783141794.438,0,"error":false
1880,1783141794.483,0,"error":false
1881,1783141794.526,0,"error":false
1882,1783141794.569,0,"error":false
1883,1783141794.614,0,"error":false
1884,1783141794.659,0,"error":false
1885,1783141794.703,0,"error":false
1886,1783141794.748,0,"error":false
1887,1783141794.792,0,"error":false
1888,1783141794.838,0,"error":false
1889,1783141794.884,0,"error":false
1890,1783141794.930,0,"error":false
1891,1783141794.973,0,"error":false
1892,1783141795.025,0,"error":false
1893,1783141795.068,0,"error":false
1894,1783141795.112,0,"error":false
1895,1783141795.155,0,"error":false
1896,1783141795.198,0,"error":false
1897,1783141795.241,0,"error":false
1898,1783141795.299,0,"error":false
1899,1783141795.342,0,"error":false
1900,1783141795.388,0,"error":false
1901,1783141795.430,0,"error":false
1902,1783141795.473,0,"error":false
1903,1783141795.516,0,"error":false
1904,1783141795.561,0,"error":false
1905,1783141795.605,0,"error":false
1906,1783141795.652,0,"error":false
1907,1783141795.697,0,"error":false
1908,1783141795.741,0,"error":false
1909,1783141795.787,0,"error":false
1910,1783141795.830,0,"error":false
1911,1783141795.875,0,"error":false
1912,1783141795.920,0,"error":false
1913,1783141795.964,0,"error":false
1914,1783141796.017,0,"error":false
1915,1783141796.061,0,"error":false
1916,1783141796.107,0,"error":false
1917,1783141796.153,0,"error":false
1918,1783141796.197,0,"error":false
1919,1783141796.241,0,"error":false
1920,1783141796.285,0,"error":false
1921,1783141796.329,0,"error":false
1922,1783141796.373,0,"error":false
1923,1783141796.417,0,"error":false
1924,1783141796.461,0,"error":false
1925,1783141796.505,0,"error":false
1926,1783141796.548,0,"error":false
1927,1783141796.592,0,"error":false
1928,1783141796.636,0,"error":false
1929,1783141796.682,0,"error":false
1930,1783141796.728,0,"error":false
1931,1783141796.771,0,"error":false
1932,1783141796.815,0,"error":false
1933,1783141796.859,0,"error":false
1934,1783141796.915,0,"error":false
1935,1783141796.960,0,"error":false
1936,1783141797.014,0,"error":false
1937,1783141797.059,0,"error":false
1938,1783141797.107,0,"error":false
1939,1783141797.151,0,"error":false
1940,1783141797.196,0,"error":false
1941,1783141797.239,0,"error":false
1942,1783141797.283,0,"error":false
1943,1783141797.328,0,"error":false
1944,1783141797.373,0,"error":false
1945,1783141797.417,0,"error":false
1946,1783141797.460,0,"error":false
1947,1783141797.504,0,"error":false
1948,1783141797.549,0,"error":false
1949,1783141797.594,0,"error":false
1950,1783141797.638,0,"error":false
1951,1783141797.685,0,"error":false
1952,1783141797.729,0,"error":false
1953,1783141797.773,0,"error":false
1954,1783141797.816,0,"error":false
1955,1783141797.860,0,"error":false
1956,1783141797.905,0,"error":false
1957,1783141797.948,0,"error":false
1958,1783141797.990,0,"error":false
1959,1783141798.042,0,"error":false
1960,1783141798.086,0,"error":false
1961,1783141798.129,0,"error":false
1962,1783141798.173,0,"error":false
1963,1783141798.217,0,"error":false
1964,1783141798.259,0,"error":false
1965,1783141798.304,0,"error":false
1966,1783141798.347,0,"error":false
1967,1783141798.391,0,"error":false
1968,1783141798.436,0,"error":false
1969,1783141798.480,0,"error":false
1970,1783141798.525,0,"error":false
1971,1783141798.569,0,"error":false
1972,1783141798.612,0,"error":false
1973,1783141798.657,0,"error":false
1974,1783141798.702,0,"error":false
1975,1783141798.747,0,"error":false
1976,1783141798.795,0,"error":false
1977,1783141798.840,0,"error":false
1978,1783141798.887,0,"error":false
1979,1783141798.931,0,"error":false
1980,1783141798.976,0,"error":false
1981,1783141799.029,0,"error":false
1982,1783141799.073,0,"error":false
1983,1783141799.117,0,"error":false
1984,1783141799.161,0,"error":false
1985,1783141799.208,0,"error":false
1986,1783141799.252,0,"error":false
1987,1783141799.296,0,"error":false
1988,1783141799.339,0,"error":false
1989,1783141799.383,0,"error":false
1990,1783141799.428,0,"error":false
1991,1783141799.470,0,"error":false
1992,1783141799.515,0,"error":false
1993,1783141799.557,0,"error":false
1994,1783141799.602,0,"error":false
1995,1783141799.645,0,"error":false
1996,1783141799.693,0,"error":false
1997,1783141799.737,0,"error":false
1998,1783141799.781,0,"error":false
1999,1783141799.826,0,"error":false
